Rank,Name,,Country,Qualification,Semi-Final,Final,event_name,date,gender
1,TOMÁS,MRÁZEK,CZE,top,40-,47,Qinghai_(CHN)_2008,27 June - 28 June 2008,Men
2,JAKOB,SCHUBERT,AUT,top,39.5+,41-,Qinghai_(CHN)_2008,27 June - 28 June 2008,Men
3,SACHI,AMMA,JPN,top,39.5+,38-,Qinghai_(CHN)_2008,27 June - 28 June 2008,Men
4,PATXI,USOBIAGA LAKUNZA,ESP,29,38+,32-,Qinghai_(CHN)_2008,27 June - 28 June 2008,Men
5,MANUEL,ROMAIN,FRA,45-,37+,32-,Qinghai_(CHN)_2008,27 June - 28 June 2008,Men
6,MAGNUS,MIDTBOE,NOR,46,37-,30-,Qinghai_(CHN)_2008,27 June - 28 June 2008,Men
7,RAMÓN,JULIAN PUIGBLANQUE,ESP,41-,top,11,Qinghai_(CHN)_2008,27 June - 28 June 2008,Men
8,JORG,VERHOEVEN,NED,top,38-,10.5,Qinghai_(CHN)_2008,27 June - 28 June 2008,Men
9,FLAVIEN,GUERIMAND,FRA,46-,36-,,Qinghai_(CHN)_2008,27 June - 28 June 2008,Men
10,ROMAIN,DESGRANGES,FRA,top,33-,,Qinghai_(CHN)_2008,27 June - 28 June 2008,Men
11,FABIEN,DUGIT,FRA,45+,33-,,Qinghai_(CHN)_2008,27 June - 28 June 2008,Men
12,MICHAËL,FUSELIER,FRA,29-,31,,Qinghai_(CHN)_2008,27 June - 28 June 2008,Men
13,MIKHAIL,CHERNIKOV,RUS,29-,24,,Qinghai_(CHN)_2008,27 June - 28 June 2008,Men
14,HIDEKAZU,ITO,JPN,38-,22-,,Qinghai_(CHN)_2008,27 June - 28 June 2008,Men
15,MATEJ,SOVA,SLO,30-,17.8+,,Qinghai_(CHN)_2008,27 June - 28 June 2008,Men
16,MARIO,LECHNER,AUT,top,17.8,,Qinghai_(CHN)_2008,27 June - 28 June 2008,Men
17,FABIEN,COMINA,FRA,41-,17.8,,Qinghai_(CHN)_2008,27 June - 28 June 2008,Men
18,DIEGO MARTÍN,MARSELLA PRADO,ARG,29,17.8,,Qinghai_(CHN)_2008,27 June - 28 June 2008,Men
19,JAHA,KIM,KOR,28,17.8,,Qinghai_(CHN)_2008,27 June - 28 June 2008,Men
20,QINGHUA,WANG,CHN,27+,17.5,,Qinghai_(CHN)_2008,27 June - 28 June 2008,Men
21,JIACUO,SUOLANG,CHN,28,17.5-,,Qinghai_(CHN)_2008,27 June - 28 June 2008,Men
22,MATTHIAS,MÜLLER,SUI,30-,17-,,Qinghai_(CHN)_2008,27 June - 28 June 2008,Men
23,ALEKSEY,PEROV,KAZ,27+,11+,,Qinghai_(CHN)_2008,27 June - 28 June 2008,Men
24,HYUNBIN,MIN,KOR,35,6.5+,,Qinghai_(CHN)_2008,27 June - 28 June 2008,Men
25,XIANGYANG,YE,CHN,28+,6.5,,Qinghai_(CHN)_2008,27 June - 28 June 2008,Men
26,ALEXEY,MOLCHANOV,KAZ,27+,5.5+,,Qinghai_(CHN)_2008,27 June - 28 June 2008,Men
27,JINYU,PAN,CHN,27,,,Qinghai_(CHN)_2008,27 June - 28 June 2008,Men
28,HAIBIN,QU,CHN,25+,,,Qinghai_(CHN)_2008,27 June - 28 June 2008,Men
1,JOHANNA,ERNST,AUT,top,top,top,Qinghai_(CHN)_2008,27 June - 28 June 2008,Women
2,NATALIJA,GROS,SLO,42,50-,43+,Qinghai_(CHN)_2008,27 June - 28 June 2008,Women
3,CHARLOTTE,DURIF,FRA,43,44-,42-,Qinghai_(CHN)_2008,27 June - 28 June 2008,Women
4,YANA,CHERESHNEVA,RUS,37-,48-,40,Qinghai_(CHN)_2008,27 June - 28 June 2008,Women
5,ALEXANDRA,EYER,SUI,38,44-,30-,Qinghai_(CHN)_2008,27 June - 28 June 2008,Women
6,BARBARA,BACHER,AUT,42-,44-,28-,Qinghai_(CHN)_2008,27 June - 28 June 2008,Women
7,MURIEL,SARKANY,BEL,43,47-,20-,Qinghai_(CHN)_2008,27 June - 28 June 2008,Women
8,MINA,MARKOVIC,SLO,43,top,11+,Qinghai_(CHN)_2008,27 June - 28 June 2008,Women
9,EVGENIIA,MALAMID,RUS,37-,44-,,Qinghai_(CHN)_2008,27 June - 28 June 2008,Women
10,ANGELA,EITER,AUT,top,43,,Qinghai_(CHN)_2008,27 June - 28 June 2008,Women
11,YUKA,KOBAYASHI,JPN,top,43-,,Qinghai_(CHN)_2008,27 June - 28 June 2008,Women
12,CHRISTINE,SCHRANZ,AUT,32,42+,,Qinghai_(CHN)_2008,27 June - 28 June 2008,Women
13,BETTINA,SCHÖPF,AUT,37-,41,,Qinghai_(CHN)_2008,27 June - 28 June 2008,Women
13,AKI,TANAKA,JPN,37-,41,,Qinghai_(CHN)_2008,27 June - 28 June 2008,Women
15,MARINE,THÉVENET,FRA,38+,37-,,Qinghai_(CHN)_2008,27 June - 28 June 2008,Women
16,OLGA,MOROZKINA,RUS,32-,36,,Qinghai_(CHN)_2008,27 June - 28 June 2008,Women
17,CAROLINE,CIAVALDINI,FRA,top,21-,,Qinghai_(CHN)_2008,27 June - 28 June 2008,Women
18,CHUNHUA,LI,CHN,22-,21-,,Qinghai_(CHN)_2008,27 June - 28 June 2008,Women
19,XUHUA,PAN,CHN,20+,19-,,Qinghai_(CHN)_2008,27 June - 28 June 2008,Women
20,DAN,ZHANG,CHN,27,18.5,,Qinghai_(CHN)_2008,27 June - 28 June 2008,Women
21,MAYYA,PIRATINSKAYA,RUS,22,17-,,Qinghai_(CHN)_2008,27 June - 28 June 2008,Women
22,ALIYA,ISKAKOVA,KAZ,22-,17-,,Qinghai_(CHN)_2008,27 June - 28 June 2008,Women
23,SARAH,MATTHEWS,AUS,16+,16+,,Qinghai_(CHN)_2008,27 June - 28 June 2008,Women
1,JORG,VERHOEVEN,NED,top,34-,42-,Chamonix_(FRA)_2008,12 July - 13 July 2008,Men
2,SACHI,AMMA,JPN,top,top,37,Chamonix_(FRA)_2008,12 July - 13 July 2008,Men
3,KLEMEN,BECAN,SLO,40,39-,35,Chamonix_(FRA)_2008,12 July - 13 July 2008,Men
4,DAVID,LAMA,AUT,top,39-,34.5+,Chamonix_(FRA)_2008,12 July - 13 July 2008,Men
4,TOMÁS,MRÁZEK,CZE,top,39-,34.5+,Chamonix_(FRA)_2008,12 July - 13 July 2008,Men
6,RAMÓN,JULIAN PUIGBLANQUE,ESP,top,top,34.5,Chamonix_(FRA)_2008,12 July - 13 July 2008,Men
7,MAGNUS,MIDTBOE,NOR,top,34-,34.5,Chamonix_(FRA)_2008,12 July - 13 July 2008,Men
8,JAKOB,SCHUBERT,AUT,top,38+,24-,Chamonix_(FRA)_2008,12 July - 13 July 2008,Men
9,MANUEL,ROMAIN,FRA,top,33.5,,Chamonix_(FRA)_2008,12 July - 13 July 2008,Men
10,THOMAS,BALLET,FRA,top,33,,Chamonix_(FRA)_2008,12 July - 13 July 2008,Men
10,FABIEN,COMINA,FRA,top,33,,Chamonix_(FRA)_2008,12 July - 13 July 2008,Men
10,SEAN,MCCOLL,CAN,37-,33,,Chamonix_(FRA)_2008,12 July - 13 July 2008,Men
13,PATXI,USOBIAGA LAKUNZA,ESP,top,31,,Chamonix_(FRA)_2008,12 July - 13 July 2008,Men
14,ROMAIN,DESGRANGES,FRA,38-,30,,Chamonix_(FRA)_2008,12 July - 13 July 2008,Men
15,ALEXANDER,KALINA,RUS,40+,29,,Chamonix_(FRA)_2008,12 July - 13 July 2008,Men
16,SANGWON,SON,KOR,41-,26,,Chamonix_(FRA)_2008,12 July - 13 July 2008,Men
17,MICHAËL,FUSELIER,FRA,top,25,,Chamonix_(FRA)_2008,12 July - 13 July 2008,Men
18,ERIC,LOPEZ MATEOS,ESP,37-,24.5,,Chamonix_(FRA)_2008,12 July - 13 July 2008,Men
19,HYUNBIN,MIN,KOR,top,24.5-,,Chamonix_(FRA)_2008,12 July - 13 July 2008,Men
20,FLAVIEN,GUERIMAND,FRA,top,24-,,Chamonix_(FRA)_2008,12 July - 13 July 2008,Men
20,CÉDRIC,LACHAT,SUI,top,24-,,Chamonix_(FRA)_2008,12 July - 13 July 2008,Men
22,PABLO,BARBERO ALFONSO,ESP,36,23+,,Chamonix_(FRA)_2008,12 July - 13 July 2008,Men
23,AURÉLIEN,CULVER,FRA,36,22-,,Chamonix_(FRA)_2008,12 July - 13 July 2008,Men
23,GABRIEL,JOSSERON,FRA,37-,22-,,Chamonix_(FRA)_2008,12 July - 13 July 2008,Men
23,VALERIY,KRYUKOV,UKR,36,22-,,Chamonix_(FRA)_2008,12 July - 13 July 2008,Men
23,KAZUMA,WATANABE,JPN,38-,22-,,Chamonix_(FRA)_2008,12 July - 13 July 2008,Men
27,JAHA,KIM,KOR,top,21+,,Chamonix_(FRA)_2008,12 July - 13 July 2008,Men
28,GABOR,SZEKELY,HUN,40+,21,,Chamonix_(FRA)_2008,12 July - 13 July 2008,Men
29,MIKHAIL,CHERNIKOV,RUS,36+,,,Chamonix_(FRA)_2008,12 July - 13 July 2008,Men
29,THOMAS,TAUPORN,GER,36+,,,Chamonix_(FRA)_2008,12 July - 13 July 2008,Men
31,REMY,BERGASSE,FRA,35+,,,Chamonix_(FRA)_2008,12 July - 13 July 2008,Men
31,FABRICE,LANDRY,FRA,35-,,,Chamonix_(FRA)_2008,12 July - 13 July 2008,Men
33,MATHIEU,BOUYOUD,FRA,34,,,Chamonix_(FRA)_2008,12 July - 13 July 2008,Men
33,FLORENT,BREYSSE,FRA,35,,,Chamonix_(FRA)_2008,12 July - 13 July 2008,Men
33,FELIPE,CAMARGO,BRA,34,,,Chamonix_(FRA)_2008,12 July - 13 July 2008,Men
33,NICOLA,DE MATTIA,ITA,34,,,Chamonix_(FRA)_2008,12 July - 13 July 2008,Men
33,FABIEN,DUGIT,FRA,34,,,Chamonix_(FRA)_2008,12 July - 13 July 2008,Men
33,MAGNUS,HÖGSTRÖM,SWE,35,,,Chamonix_(FRA)_2008,12 July - 13 July 2008,Men
33,IVAN,KAUROV,RUS,35,,,Chamonix_(FRA)_2008,12 July - 13 July 2008,Men
33,ROMAN,VAN DER WERF,NED,34,,,Chamonix_(FRA)_2008,12 July - 13 July 2008,Men
41,MIKHAIL,GOGOL,RUS,35-,,,Chamonix_(FRA)_2008,12 July - 13 July 2008,Men
41,HIDEKAZU,ITO,JPN,35-,,,Chamonix_(FRA)_2008,12 July - 13 July 2008,Men
41,QUENTIN,MANZATO,FRA,35-,,,Chamonix_(FRA)_2008,12 July - 13 July 2008,Men
41,FELIX,NEUMÄRKER,GER,35-,,,Chamonix_(FRA)_2008,12 July - 13 July 2008,Men
41,JÜRGEN,REIS,AUT,35-,,,Chamonix_(FRA)_2008,12 July - 13 July 2008,Men
46,MATEJ,SOVA,SLO,30-,,,Chamonix_(FRA)_2008,12 July - 13 July 2008,Men
46,CASPER,TEN SIJTHOFF,NED,30-,,,Chamonix_(FRA)_2008,12 July - 13 July 2008,Men
48,VINCENT,DE GIROLAMO,FRA,29-,,,Chamonix_(FRA)_2008,12 July - 13 July 2008,Men
49,KEVIN,AGLAE,FRA,34+,,,Chamonix_(FRA)_2008,12 July - 13 July 2008,Men
49,STEFAN,DANKER,GER,28,,,Chamonix_(FRA)_2008,12 July - 13 July 2008,Men
49,TOMASZ,OLEKSY,POL,28,,,Chamonix_(FRA)_2008,12 July - 13 July 2008,Men
49,ROMAIN,PAGNOUX,FRA,28,,,Chamonix_(FRA)_2008,12 July - 13 July 2008,Men
53,EMMANUEL,LOPEZ,FRA,34,,,Chamonix_(FRA)_2008,12 July - 13 July 2008,Men
54,MARCO ANTONIO,JUBES ANGARITA,ESP,33,,,Chamonix_(FRA)_2008,12 July - 13 July 2008,Men
54,EIRIK BIRKELUND,OLSEN,NOR,33,,,Chamonix_(FRA)_2008,12 July - 13 July 2008,Men
56,BRIAN,KIM,USA,28-,,,Chamonix_(FRA)_2008,12 July - 13 July 2008,Men
57,MARK,AMANN,AUT,27-,,,Chamonix_(FRA)_2008,12 July - 13 July 2008,Men
57,ADRIAN,BAXTER,GBR,27-,,,Chamonix_(FRA)_2008,12 July - 13 July 2008,Men
57,ERIK,CARLSSON,SWE,33-,,,Chamonix_(FRA)_2008,12 July - 13 July 2008,Men
57,VALDO,CHILESE,ITA,27-,,,Chamonix_(FRA)_2008,12 July - 13 July 2008,Men
57,JACOPO,LARCHER,ITA,27-,,,Chamonix_(FRA)_2008,12 July - 13 July 2008,Men
62,JURE,BECAN,SLO,32,,,Chamonix_(FRA)_2008,12 July - 13 July 2008,Men
63,MARTIN,JAGGI,SUI,31+,,,Chamonix_(FRA)_2008,12 July - 13 July 2008,Men
64,ANZE,STREMFELJ,SLO,31-,,,Chamonix_(FRA)_2008,12 July - 13 July 2008,Men
65,IGOR,GUSAK,UKR,30-,,,Chamonix_(FRA)_2008,12 July - 13 July 2008,Men
65,MIKHAIL,KOCHETKOV,RUS,26,,,Chamonix_(FRA)_2008,12 July - 13 July 2008,Men
65,DAISUKE,KONISHI,JPN,26,,,Chamonix_(FRA)_2008,12 July - 13 July 2008,Men
68,DIEGO MARTÍN,MARSELLA PRADO,ARG,29-,,,Chamonix_(FRA)_2008,12 July - 13 July 2008,Men
69,JJ,MAH,CAN,25,,,Chamonix_(FRA)_2008,12 July - 13 July 2008,Men
69,ARMAN,TER-MINASYAN,RUS,28,,,Chamonix_(FRA)_2008,12 July - 13 July 2008,Men
71,PIOTR,BUNSCH,POL,28-,,,Chamonix_(FRA)_2008,12 July - 13 July 2008,Men
71,MANUEL,CORETTI,ITA,28-,,,Chamonix_(FRA)_2008,12 July - 13 July 2008,Men
71,KRISTOFFER KVAMME,THORBJOERNSEN,NOR,19-,,,Chamonix_(FRA)_2008,12 July - 13 July 2008,Men
74,JINYU,PAN,CHN,18+,,,Chamonix_(FRA)_2008,12 July - 13 July 2008,Men
75,MARSHAL,GERMAN,CAN,22-,,,Chamonix_(FRA)_2008,12 July - 13 July 2008,Men
75,ALEXANDER,TUZHILKIN,RUS,17+,,,Chamonix_(FRA)_2008,12 July - 13 July 2008,Men
77,NICKY,DE LEEUW,NED,17-,,,Chamonix_(FRA)_2008,12 July - 13 July 2008,Men
77,TOMAS MIDTUN,TOBIASSEN,NOR,15-,,,Chamonix_(FRA)_2008,12 July - 13 July 2008,Men
79,IMRE,SEDEVI,ROU,10-,,,Chamonix_(FRA)_2008,12 July - 13 July 2008,Men
1,JOHANNA,ERNST,AUT,top,top,53,Chamonix_(FRA)_2008,12 July - 13 July 2008,Women
2,ANGELA,EITER,AUT,top,37-,43-,Chamonix_(FRA)_2008,12 July - 13 July 2008,Women
3,MINA,MARKOVIC,SLO,top,top,40,Chamonix_(FRA)_2008,12 July - 13 July 2008,Women
4,CAROLINE,CIAVALDINI,FRA,top,36.5+,39+,Chamonix_(FRA)_2008,12 July - 13 July 2008,Women
5,CHARLOTTE,DURIF,FRA,top,top,39,Chamonix_(FRA)_2008,12 July - 13 July 2008,Women
6,OLGA,SHALAGINA,UKR,top,35-,39-,Chamonix_(FRA)_2008,12 July - 13 July 2008,Women
7,BETTINA,SCHÖPF,AUT,43-,31+,36-,Chamonix_(FRA)_2008,12 July - 13 July 2008,Women
8,MURIEL,SARKANY,BEL,top,36-,32,Chamonix_(FRA)_2008,12 July - 13 July 2008,Women
9,YANA,CHERESHNEVA,RUS,top,31-,,Chamonix_(FRA)_2008,12 July - 13 July 2008,Women
9,ALEXANDRA,EYER,SUI,top,31-,,Chamonix_(FRA)_2008,12 July - 13 July 2008,Women
9,NATALIJA,GROS,SLO,top,31-,,Chamonix_(FRA)_2008,12 July - 13 July 2008,Women
9,ANDREA BRIGITTA,SZEKELY,HUN,top,31-,,Chamonix_(FRA)_2008,12 July - 13 July 2008,Women
13,YUKA,KOBAYASHI,JPN,top,30+,,Chamonix_(FRA)_2008,12 July - 13 July 2008,Women
13,AKIYO,NOGUCHI,JPN,top,30+,,Chamonix_(FRA)_2008,12 July - 13 July 2008,Women
15,GALINA,TERENTEVA,RUS,41-,30-,,Chamonix_(FRA)_2008,12 July - 13 July 2008,Women
16,MARINE,THÉVENET,FRA,top,28.5-,,Chamonix_(FRA)_2008,12 July - 13 July 2008,Women
17,BARBARA,BACHER,AUT,46,28,,Chamonix_(FRA)_2008,12 July - 13 July 2008,Women
17,NINA,CAPREZ,SUI,top,28,,Chamonix_(FRA)_2008,12 July - 13 July 2008,Women
19,CECILE,AVEZOU,FRA,top,28-,,Chamonix_(FRA)_2008,12 July - 13 July 2008,Women
20,EVGENIIA,MALAMID,RUS,top,27+,,Chamonix_(FRA)_2008,12 July - 13 July 2008,Women
21,JULIANE,WURM,GER,46,26-,,Chamonix_(FRA)_2008,12 July - 13 July 2008,Women
22,MATHILDE,COUCHOT,FRA,41-,23+,,Chamonix_(FRA)_2008,12 July - 13 July 2008,Women
23,JENNY,LAVARDA,ITA,top,23,,Chamonix_(FRA)_2008,12 July - 13 July 2008,Women
24,ANNE,HOARAU,FRA,43-,23-,,Chamonix_(FRA)_2008,12 July - 13 July 2008,Women
24,VANESSA,TAYLOR,FRA,top,23-,,Chamonix_(FRA)_2008,12 July - 13 July 2008,Women
26,MELISSA,LE NEVE,FRA,43+,22-,,Chamonix_(FRA)_2008,12 July - 13 July 2008,Women
27,NIKKI,VAN BERGEN,NED,43-,21.5,,Chamonix_(FRA)_2008,12 July - 13 July 2008,Women
28,ANOUK,EVENE,FRA,40,21.5-,,Chamonix_(FRA)_2008,12 July - 13 July 2008,Women
29,STEFANIE,PICHLER,AUT,38-,,,Chamonix_(FRA)_2008,12 July - 13 July 2008,Women
30,STEPHANIE,TRABER,FRA,35+,,,Chamonix_(FRA)_2008,12 July - 13 July 2008,Women
31,INES,DULL-KRETSCHMER,GER,35,,,Chamonix_(FRA)_2008,12 July - 13 July 2008,Women
31,ASJA,GOSAR,SLO,42+,,,Chamonix_(FRA)_2008,12 July - 13 July 2008,Women
31,HANNAH,MIDTBOE,NOR,42+,,,Chamonix_(FRA)_2008,12 July - 13 July 2008,Women
34,MIRIAM,MOOSBURGER,AUT,33,,,Chamonix_(FRA)_2008,12 July - 13 July 2008,Women
35,ANDREA,CARTAS BARRERA,ESP,38-,,,Chamonix_(FRA)_2008,12 July - 13 July 2008,Women
35,OLGA,MOROZKINA,RUS,28,,,Chamonix_(FRA)_2008,12 July - 13 July 2008,Women
35,KINGA,OCIEPKA,POL,28,,,Chamonix_(FRA)_2008,12 July - 13 July 2008,Women
35,OLENA,OSTAPENKO,UKR,28,,,Chamonix_(FRA)_2008,12 July - 13 July 2008,Women
39,JESSICA,FAURE,FRA,37+,,,Chamonix_(FRA)_2008,12 July - 13 July 2008,Women
40,LUCIE,HROZOVA,CZE,37-,,,Chamonix_(FRA)_2008,12 July - 13 July 2008,Women
41,CHUNHUA,LI,CHN,28-,,,Chamonix_(FRA)_2008,12 July - 13 July 2008,Women
41,VERA,ZIJLSTRA,NED,34-,,,Chamonix_(FRA)_2008,12 July - 13 July 2008,Women
43,MARIA,AGAFONOVA,RUS,31+,,,Chamonix_(FRA)_2008,12 July - 13 July 2008,Women
43,HELENA,ALEMAN SOBRINO,ESP,22-,,,Chamonix_(FRA)_2008,12 July - 13 July 2008,Women
45,MARJORIE,JUAREZ,FRA,29-,,,Chamonix_(FRA)_2008,12 July - 13 July 2008,Women
45,XUHUA,PAN,CHN,29-,,,Chamonix_(FRA)_2008,12 July - 13 July 2008,Women
45,VIOLAINE,TARDY,FRA,20-,,,Chamonix_(FRA)_2008,12 July - 13 July 2008,Women
48,MANUELA,VALSECCHI,ITA,16,,,Chamonix_(FRA)_2008,12 July - 13 July 2008,Women
49,SOLÈNE,LE CAR,FRA,16-,,,Chamonix_(FRA)_2008,12 July - 13 July 2008,Women
49,STÉPHANIE,SAURON,FRA,28,,,Chamonix_(FRA)_2008,12 July - 13 July 2008,Women
1,PATXI,USOBIAGA LAKUNZA,ESP,top,29-,32-,Bern_(SUI)_2008,12 September - 13 September 2008,Men
2,JORG,VERHOEVEN,NED,25-,29-,31+,Bern_(SUI)_2008,12 September - 13 September 2008,Men
3,TOMÁS,MRÁZEK,CZE,26-,29-,31,Bern_(SUI)_2008,12 September - 13 September 2008,Men
4,SACHI,AMMA,JPN,24-,28+,31,Bern_(SUI)_2008,12 September - 13 September 2008,Men
5,RAMÓN,JULIAN PUIGBLANQUE,ESP,top,28,29-,Bern_(SUI)_2008,12 September - 13 September 2008,Men
6,ROMAIN,DESGRANGES,FRA,26+,28+,28+,Bern_(SUI)_2008,12 September - 13 September 2008,Men
7,SEAN,MCCOLL,CAN,24-,28+,28-,Bern_(SUI)_2008,12 September - 13 September 2008,Men
8,VALERIY,KRYUKOV,UKR,24-,29+,20-,Bern_(SUI)_2008,12 September - 13 September 2008,Men
9,CÉDRIC,LACHAT,SUI,17-,28-,,Bern_(SUI)_2008,12 September - 13 September 2008,Men
10,FABIEN,DUGIT,FRA,26,27-,,Bern_(SUI)_2008,12 September - 13 September 2008,Men
10,MAGNUS,MIDTBOE,NOR,top,27-,,Bern_(SUI)_2008,12 September - 13 September 2008,Men
12,MAGNUS,HÖGSTRÖM,SWE,16-,26-,,Bern_(SUI)_2008,12 September - 13 September 2008,Men
12,KAZUMA,WATANABE,JPN,21,26-,,Bern_(SUI)_2008,12 September - 13 September 2008,Men
14,THOMAS,BALLET,FRA,24-,24-,,Bern_(SUI)_2008,12 September - 13 September 2008,Men
15,FABIEN,COMINA,FRA,24-,21,,Bern_(SUI)_2008,12 September - 13 September 2008,Men
16,AURÉLIEN,CULVER,FRA,17-,21-,,Bern_(SUI)_2008,12 September - 13 September 2008,Men
17,KLEMEN,BECAN,SLO,16-,20-,,Bern_(SUI)_2008,12 September - 13 September 2008,Men
17,REMO,SOMMER,SUI,16-,20-,,Bern_(SUI)_2008,12 September - 13 September 2008,Men
19,MARTIN,JAGGI,SUI,16-,19.5,,Bern_(SUI)_2008,12 September - 13 September 2008,Men
20,STEFAN,DANKER,GER,16-,19.5-,,Bern_(SUI)_2008,12 September - 13 September 2008,Men
21,CASPER,TEN SIJTHOFF,NED,18-,19-,,Bern_(SUI)_2008,12 September - 13 September 2008,Men
22,IVAN,KAUROV,RUS,23,18-,,Bern_(SUI)_2008,12 September - 13 September 2008,Men
23,GABRIEL,JOSSERON,FRA,24-,13,,Bern_(SUI)_2008,12 September - 13 September 2008,Men
23,MARCO ANTONIO,JUBES ANGARITA,ESP,17-,13,,Bern_(SUI)_2008,12 September - 13 September 2008,Men
23,SERGEY,TERENTYEV,RUS,24-,13,,Bern_(SUI)_2008,12 September - 13 September 2008,Men
26,THOMAS,SCHMID,SUI,17-,13-,,Bern_(SUI)_2008,12 September - 13 September 2008,Men
27,DANIEL,WINKLER,SUI,23-,6,,Bern_(SUI)_2008,12 September - 13 September 2008,Men
28,HIDEKAZU,ITO,JPN,22,,,Bern_(SUI)_2008,12 September - 13 September 2008,Men
29,PABLO,BARBERO ALFONSO,ESP,22-,,,Bern_(SUI)_2008,12 September - 13 September 2008,Men
29,FELIPE,CAMARGO,BRA,15+,,,Bern_(SUI)_2008,12 September - 13 September 2008,Men
29,FLAVIEN,GUERIMAND,FRA,15+,,,Bern_(SUI)_2008,12 September - 13 September 2008,Men
29,KEVIN,HEMUND,SUI,22-,,,Bern_(SUI)_2008,12 September - 13 September 2008,Men
29,DIEGO MARTÍN,MARSELLA PRADO,ARG,22-,,,Bern_(SUI)_2008,12 September - 13 September 2008,Men
29,GABOR,SZEKELY,HUN,15+,,,Bern_(SUI)_2008,12 September - 13 September 2008,Men
29,TIMO,TAK,NED,22-,,,Bern_(SUI)_2008,12 September - 13 September 2008,Men
36,MICHAËL,FUSELIER,FRA,15,,,Bern_(SUI)_2008,12 September - 13 September 2008,Men
36,FELIX,NEUMÄRKER,GER,15,,,Bern_(SUI)_2008,12 September - 13 September 2008,Men
36,JAKOB,SCHUBERT,AUT,15,,,Bern_(SUI)_2008,12 September - 13 September 2008,Men
36,THOMAS,TAUPORN,GER,15,,,Bern_(SUI)_2008,12 September - 13 September 2008,Men
40,ERIC,LOPEZ MATEOS,ESP,21,,,Bern_(SUI)_2008,12 September - 13 September 2008,Men
41,JURE,BECAN,SLO,20-,,,Bern_(SUI)_2008,12 September - 13 September 2008,Men
42,MANUEL,ROMAIN,FRA,19,,,Bern_(SUI)_2008,12 September - 13 September 2008,Men
43,FLORENT,BREYSSE,FRA,18,,,Bern_(SUI)_2008,12 September - 13 September 2008,Men
43,ERIK,CARLSSON,SWE,15-,,,Bern_(SUI)_2008,12 September - 13 September 2008,Men
45,BENJAMIN,BLASER,SUI,14+,,,Bern_(SUI)_2008,12 September - 13 September 2008,Men
45,ROMAIN,BUSETTA,FRA,14-,,,Bern_(SUI)_2008,12 September - 13 September 2008,Men
45,ALAN,CASSIDY,GBR,14-,,,Bern_(SUI)_2008,12 September - 13 September 2008,Men
48,DAISUKE,KONISHI,JPN,13-,,,Bern_(SUI)_2008,12 September - 13 September 2008,Men
49,JÉRÔME,DE BOECK,BEL,11-,,,Bern_(SUI)_2008,12 September - 13 September 2008,Men
49,MIKHAIL,GOGOL,RUS,12,,,Bern_(SUI)_2008,12 September - 13 September 2008,Men
51,JAHA,KIM,KOR,10,,,Bern_(SUI)_2008,12 September - 13 September 2008,Men
51,MATTHIAS,RUH,SUI,10-,,,Bern_(SUI)_2008,12 September - 13 September 2008,Men
53,DREW,HAIGH,GBR,9,,,Bern_(SUI)_2008,12 September - 13 September 2008,Men
53,EMMANUEL,LOPEZ,FRA,8+,,,Bern_(SUI)_2008,12 September - 13 September 2008,Men
55,THEODOROS,KONSTANTAKOPOULOS,GRE,9-,,,Bern_(SUI)_2008,12 September - 13 September 2008,Men
55,JÜRGEN,REIS,AUT,2,,,Bern_(SUI)_2008,12 September - 13 September 2008,Men
57,MATHIEU,BOUYOUD,FRA,8,,,Bern_(SUI)_2008,12 September - 13 September 2008,Men
1,MAJA,STREMFELJ,SLO,top,top,37-,Bern_(SUI)_2008,12 September - 13 September 2008,Women
2,JOHANNA,ERNST,AUT,top,40-,37-,Bern_(SUI)_2008,12 September - 13 September 2008,Women
3,OLGA,SHALAGINA,UKR,top,29,35-,Bern_(SUI)_2008,12 September - 13 September 2008,Women
4,CHARLOTTE,DURIF,FRA,31,30-,32,Bern_(SUI)_2008,12 September - 13 September 2008,Women
5,AKIYO,NOGUCHI,JPN,top,29,20,Bern_(SUI)_2008,12 September - 13 September 2008,Women
6,BETTINA,SCHÖPF,AUT,31,29+,16-,Bern_(SUI)_2008,12 September - 13 September 2008,Women
7,CAROLINE,CIAVALDINI,FRA,top,35+,15,Bern_(SUI)_2008,12 September - 13 September 2008,Women
8,ANGELA,EITER,AUT,top,29,,Bern_(SUI)_2008,12 September - 13 September 2008,Women
9,NATALIJA,GROS,SLO,32-,29,,Bern_(SUI)_2008,12 September - 13 September 2008,Women
10,ALEXANDRA,EYER,SUI,31,29,,Bern_(SUI)_2008,12 September - 13 September 2008,Women
11,KINGA,OCIEPKA,POL,31-,29,,Bern_(SUI)_2008,12 September - 13 September 2008,Women
12,BARBARA,BACHER,AUT,31,29-,,Bern_(SUI)_2008,12 September - 13 September 2008,Women
13,MINA,MARKOVIC,SLO,30-,29-,,Bern_(SUI)_2008,12 September - 13 September 2008,Women
13,CHRISTINE,SCHRANZ,AUT,30-,29-,,Bern_(SUI)_2008,12 September - 13 September 2008,Women
15,JENNY,LAVARDA,ITA,29+,29-,,Bern_(SUI)_2008,12 September - 13 September 2008,Women
16,JULIANE,WURM,GER,20-,29-,,Bern_(SUI)_2008,12 September - 13 September 2008,Women
17,JAIN,KIM,KOR,top,28+,,Bern_(SUI)_2008,12 September - 13 September 2008,Women
18,YANA,CHERESHNEVA,RUS,top,28,,Bern_(SUI)_2008,12 September - 13 September 2008,Women
19,MARINE,THÉVENET,FRA,29,27,,Bern_(SUI)_2008,12 September - 13 September 2008,Women
20,ANDREA,CARTAS BARRERA,ESP,23-,23,,Bern_(SUI)_2008,12 September - 13 September 2008,Women
21,MATHILDE,COUCHOT,FRA,22-,23,,Bern_(SUI)_2008,12 September - 13 September 2008,Women
22,MELISSA,LE NEVE,FRA,20-,23,,Bern_(SUI)_2008,12 September - 13 September 2008,Women
23,ASJA,GOSAR,SLO,19+,23-,,Bern_(SUI)_2008,12 September - 13 September 2008,Women
24,VERA,ZIJLSTRA,NED,29,22,,Bern_(SUI)_2008,12 September - 13 September 2008,Women
25,ANOUK,PIOLA,SUI,19+,22-,,Bern_(SUI)_2008,12 September - 13 September 2008,Women
26,FLORENCE,PINET,FRA,19,19,,Bern_(SUI)_2008,12 September - 13 September 2008,Women
27,ANDREA BRIGITTA,SZEKELY,HUN,19-,,,Bern_(SUI)_2008,12 September - 13 September 2008,Women
28,IRATI,ANDA VILLANUEVA,ESP,15-,,,Bern_(SUI)_2008,12 September - 13 September 2008,Women
28,MURIEL,SARKANY,BEL,15-,,,Bern_(SUI)_2008,12 September - 13 September 2008,Women
28,CHRISTINA,SCHMID,SUI,15-,,,Bern_(SUI)_2008,12 September - 13 September 2008,Women
28,AKI,TANAKA,JPN,15-,,,Bern_(SUI)_2008,12 September - 13 September 2008,Women
32,ZOË,MAIRE,SUI,14,,,Bern_(SUI)_2008,12 September - 13 September 2008,Women
1,DAVID,LAMA,AUT,top  1. | top  1. [18.49],top,50+,Imst_(AUT)_2008,19 September - 20 September 2008,Men
2,RAMÓN,JULIAN PUIGBLANQUE,ESP,top  1. | top  1. [18.49],45-,50,Imst_(AUT)_2008,19 September - 20 September 2008,Men
3,SEAN,MCCOLL,CAN,top  1. | top  1. [18.49],top,41+,Imst_(AUT)_2008,19 September - 20 September 2008,Men
4,JORG,VERHOEVEN,NED,top  1. | top  1. [18.49],top,41-,Imst_(AUT)_2008,19 September - 20 September 2008,Men
5,CÉDRIC,LACHAT,SUI,top  1. | top  1. [18.49],top,40+,Imst_(AUT)_2008,19 September - 20 September 2008,Men
5,TOMÁS,MRÁZEK,CZE,top  1. | top  1. [18.49],top,40+,Imst_(AUT)_2008,19 September - 20 September 2008,Men
7,JAKOB,SCHUBERT,AUT,top  1. | top  1. [18.49],45-,40-,Imst_(AUT)_2008,19 September - 20 September 2008,Men
8,KLEMEN,BECAN,SLO,top  1. | top  1. [18.49],top,39+,Imst_(AUT)_2008,19 September - 20 September 2008,Men
9,VALERIY,KRYUKOV,UKR,top  1. | top  1. [18.49],top,39,Imst_(AUT)_2008,19 September - 20 September 2008,Men
10,THOMAS,BALLET,FRA,top  1. | top  1. [18.49],45-,25-,Imst_(AUT)_2008,19 September - 20 September 2008,Men
11,FABIEN,DUGIT,FRA,top  1. | top  1. [18.49],43-,,Imst_(AUT)_2008,19 September - 20 September 2008,Men
12,ROMAIN,DESGRANGES,FRA,top  1. | top  1. [18.49],42,,Imst_(AUT)_2008,19 September - 20 September 2008,Men
13,SACHI,AMMA,JPN,top  1. | top  1. [18.49],42-,,Imst_(AUT)_2008,19 September - 20 September 2008,Men
13,MAGNUS,MIDTBOE,NOR,top  1. | top  1. [18.49],42-,,Imst_(AUT)_2008,19 September - 20 September 2008,Men
15,JÉRÔME,DE BOECK,BEL,top  1. | top  1. [18.49],40+,,Imst_(AUT)_2008,19 September - 20 September 2008,Men
15,IVAN,KAUROV,RUS,top  1. | top  1. [18.49],40+,,Imst_(AUT)_2008,19 September - 20 September 2008,Men
15,MARIO,LECHNER,AUT,top  1. | top  1. [18.49],40+,,Imst_(AUT)_2008,19 September - 20 September 2008,Men
18,FABIEN,COMINA,FRA,top  1. | top  1. [18.49],38-,,Imst_(AUT)_2008,19 September - 20 September 2008,Men
18,MICHAËL,FUSELIER,FRA,top  1. | top  1. [18.49],38-,,Imst_(AUT)_2008,19 September - 20 September 2008,Men
18,ERIC,LOPEZ MATEOS,ESP,top  1. | top  1. [18.49],38-,,Imst_(AUT)_2008,19 September - 20 September 2008,Men
21,FLAVIEN,GUERIMAND,FRA,top  1. | top  1. [18.49],37,,Imst_(AUT)_2008,19 September - 20 September 2008,Men
22,JAN,HOJER,GER,top  1. | top  1. [18.49],37-,,Imst_(AUT)_2008,19 September - 20 September 2008,Men
22,THOMAS,TAUPORN,GER,top  1. | top  1. [18.49],37-,,Imst_(AUT)_2008,19 September - 20 September 2008,Men
22,PATXI,USOBIAGA LAKUNZA,ESP,top  1. | top  1. [18.49],37-,,Imst_(AUT)_2008,19 September - 20 September 2008,Men
25,MARCO ANTONIO,JUBES ANGARITA,ESP,top  1. | top  1. [18.49],34,,Imst_(AUT)_2008,19 September - 20 September 2008,Men
26,GABOR,SZEKELY,HUN,top  1. | top  1. [18.49],32-,,Imst_(AUT)_2008,19 September - 20 September 2008,Men
27,PABLO,BARBERO ALFONSO,ESP,top  1. | top  1. [18.49],30-,,Imst_(AUT)_2008,19 September - 20 September 2008,Men
28,MIKHAIL,CHERNIKOV,RUS,top  1. | top  1. [18.49],20-,,Imst_(AUT)_2008,19 September - 20 September 2008,Men
29,FELIPE,CAMARGO,BRA,40   36. | top  1. [26.51],,,Imst_(AUT)_2008,19 September - 20 September 2008,Men
29,FELIX,NEUMÄRKER,GER,40   36. | top  1. [26.51],,,Imst_(AUT)_2008,19 September - 20 September 2008,Men
29,MANUEL,ROMAIN,FRA,40   36. | top  1. [26.51],,,Imst_(AUT)_2008,19 September - 20 September 2008,Men
32,KAZUMA,WATANABE,JPN,top  1. | 45+  39. [26.66],,,Imst_(AUT)_2008,19 September - 20 September 2008,Men
33,MATEJ,SOVA,SLO,40-  39. | top  1. [27.22],,,Imst_(AUT)_2008,19 September - 20 September 2008,Men
34,JAKUB,HLAVACEK,CZE,37+  40. | top  1. [27.57],,,Imst_(AUT)_2008,19 September - 20 September 2008,Men
35,MAURICIO,HUERTA,MEX,top  1. | 45   41. [27.66],,,Imst_(AUT)_2008,19 September - 20 September 2008,Men
35,MARTIN,JAGGI,SUI,top  1. | 45   41. [27.66],,,Imst_(AUT)_2008,19 September - 20 September 2008,Men
37,MIKHAIL,GOGOL,RUS,37   41. | top  1. [28.08],,,Imst_(AUT)_2008,19 September - 20 September 2008,Men
37,EVGENII,ZAZULIN,RUS,37   41. | top  1. [28.08],,,Imst_(AUT)_2008,19 September - 20 September 2008,Men
39,DIEGO MARTÍN,MARSELLA PRADO,ARG,36-  43. | top  1. [28.75],,,Imst_(AUT)_2008,19 September - 20 September 2008,Men
40,STEFAN,DANKER,GER,top  1. | 45-  45. [28.93],,,Imst_(AUT)_2008,19 September - 20 September 2008,Men
40,HIDEKAZU,ITO,JPN,top  1. | 45-  45. [28.93],,,Imst_(AUT)_2008,19 September - 20 September 2008,Men
42,JAHA,KIM,KOR,top  1. | 44-  49. [29.70],,,Imst_(AUT)_2008,19 September - 20 September 2008,Men
43,AURÉLIEN,CULVER,FRA,top  1. | 42-  53. [30.89],,,Imst_(AUT)_2008,19 September - 20 September 2008,Men
44,SERGEY,TERENTYEV,RUS,11-  61. | top  1. [34.04],,,Imst_(AUT)_2008,19 September - 20 September 2008,Men
45,JURE,BECAN,SLO,33+  45. | 45   41. [43.73],,,Imst_(AUT)_2008,19 September - 20 September 2008,Men
46,CHRISTIAN,FEISTMANTL,AUT,29   52. | 46   38. [44.67],,,Imst_(AUT)_2008,19 September - 20 September 2008,Men
47,IGOR,SOLOVEY,UKR,36-  43. | 45-  45. [44.97],,,Imst_(AUT)_2008,19 September - 20 September 2008,Men
48,DAISUKE,KONISHI,JPN,29-  54. | 45+  39. [46.18],,,Imst_(AUT)_2008,19 September - 20 September 2008,Men
49,BENJAMIN,SILLMANN,GER,32+  46. | 43   50. [48.20],,,Imst_(AUT)_2008,19 September - 20 September 2008,Men
50,DREW,HAIGH,GBR,30   50. | 45-  45. [48.22],,,Imst_(AUT)_2008,19 September - 20 September 2008,Men
51,MIHA,SKOF,SLO,28-  56. | 45   41. [48.79],,,Imst_(AUT)_2008,19 September - 20 September 2008,Men
52,JÜRGEN,REIS,AUT,32-  47. | 43-  52. [49.70],,,Imst_(AUT)_2008,19 September - 20 September 2008,Men
53,NICKY,DE LEEUW,NED,31   49. | 41   54. [51.44],,,Imst_(AUT)_2008,19 September - 20 September 2008,Men
54,ARMAN,TER-MINASYAN,RUS,32-  47. | 40-  56. [51.58],,,Imst_(AUT)_2008,19 September - 20 September 2008,Men
55,EIRIK BIRKELUND,OLSEN,NOR,30-  51. | 40   55. [52.96],,,Imst_(AUT)_2008,19 September - 20 September 2008,Men
56,SERGEI,SHAFEROV,BLR,19-  59. | 43   50. [54.58],,,Imst_(AUT)_2008,19 September - 20 September 2008,Men
57,PETR,RESCH,CZE,29   52. | 37-  59. [55.66],,,Imst_(AUT)_2008,19 September - 20 September 2008,Men
58,PIOTR,BUNSCH,POL,28   55. | 39+  57. [55.99],,,Imst_(AUT)_2008,19 September - 20 September 2008,Men
59,ALAN,CASSIDY,GBR,25   57. | 37+  58. [57.50],,,Imst_(AUT)_2008,19 September - 20 September 2008,Men
60,DIEGO LUIS,GONZÁLEZ,MEX,20   58. | 35   60. [58.99],,,Imst_(AUT)_2008,19 September - 20 September 2008,Men
61,QIXIN,ZHONG,CHN,16+  60. | 19+  61. [60.50],,,Imst_(AUT)_2008,19 September - 20 September 2008,Men
1,MINA,MARKOVIC,SLO,top  1. | top  1. [10.22],45-,60,Imst_(AUT)_2008,19 September - 20 September 2008,Women
2,JOHANNA,ERNST,AUT,top  1. | top  1. [10.22],top,60-,Imst_(AUT)_2008,19 September - 20 September 2008,Women
3,MAJA,STREMFELJ,SLO,top  1. | top  1. [10.22],top,59+,Imst_(AUT)_2008,19 September - 20 September 2008,Women
4,CAROLINE,CIAVALDINI,FRA,top  1. | top  1. [10.22],top,55-,Imst_(AUT)_2008,19 September - 20 September 2008,Women
5,MURIEL,SARKANY,BEL,top  1. | top  1. [10.22],top,53-,Imst_(AUT)_2008,19 September - 20 September 2008,Women
6,AKIYO,NOGUCHI,JPN,top  1. | top  1. [10.22],top,52+,Imst_(AUT)_2008,19 September - 20 September 2008,Women
7,EVGENIIA,MALAMID,RUS,top  1. | top  1. [10.22],top,51+,Imst_(AUT)_2008,19 September - 20 September 2008,Women
8,OLGA,SHALAGINA,UKR,top  1. | top  1. [10.22],top,48-,Imst_(AUT)_2008,19 September - 20 September 2008,Women
9,ALEXANDRA,EYER,SUI,top  1. | top  1. [10.22],41,,Imst_(AUT)_2008,19 September - 20 September 2008,Women
10,YANA,CHERESHNEVA,RUS,top  1. | top  1. [10.22],41-,,Imst_(AUT)_2008,19 September - 20 September 2008,Women
10,KATHARINA,SAURWEIN,AUT,top  1. | top  1. [10.22],41-,,Imst_(AUT)_2008,19 September - 20 September 2008,Women
12,IRATI,ANDA VILLANUEVA,ESP,top  1. | top  1. [10.22],40+,,Imst_(AUT)_2008,19 September - 20 September 2008,Women
13,NATALIJA,GROS,SLO,top  1. | top  1. [10.22],40,,Imst_(AUT)_2008,19 September - 20 September 2008,Women
14,BETTINA,SCHÖPF,AUT,top  1. | top  1. [10.22],40-,,Imst_(AUT)_2008,19 September - 20 September 2008,Women
15,CHARLOTTE,DURIF,FRA,48   22. | top  1. [14.62],40-,,Imst_(AUT)_2008,19 September - 20 September 2008,Women
16,BARBARA,BACHER,AUT,top  1. | top  1. [10.22],39-,,Imst_(AUT)_2008,19 September - 20 September 2008,Women
17,DINARA,FAKHRITDINOVA,RUS,top  1. | 38-  19. [14.46],38-,,Imst_(AUT)_2008,19 September - 20 September 2008,Women
18,JENNY,LAVARDA,ITA,top  1. | 34-  24. [16.75],37+,,Imst_(AUT)_2008,19 September - 20 September 2008,Women
19,KINGA,OCIEPKA,POL,45-  25. | top  1. [15.56],35-,,Imst_(AUT)_2008,19 September - 20 September 2008,Women
20,JULIANE,WURM,GER,top  1. | 34   22. [15.73],35-,,Imst_(AUT)_2008,19 September - 20 September 2008,Women
21,MARINE,THÉVENET,FRA,top  1. | 34-  24. [16.75],35-,,Imst_(AUT)_2008,19 September - 20 September 2008,Women
22,FLORENCE,PINET,FRA,top  1. | 33+  28. [17.71],35-,,Imst_(AUT)_2008,19 September - 20 September 2008,Women
23,BARBARA,SCHRANZ,AUT,43-  29. | 34+  20. [24.59],34,,Imst_(AUT)_2008,19 September - 20 September 2008,Women
24,JAIN,KIM,KOR,46+  24. | top  1. [15.10],32-,,Imst_(AUT)_2008,19 September - 20 September 2008,Women
25,CHRISTINE,SCHRANZ,AUT,top  1. | 34-  24. [16.75],21-,,Imst_(AUT)_2008,19 September - 20 September 2008,Women
26,ASJA,GOSAR,SLO,45-  25. | 34   22. [23.95],20+,,Imst_(AUT)_2008,19 September - 20 September 2008,Women
27,VERA,ZIJLSTRA,NED,40-  32. | 34+  20. [25.61],,,Imst_(AUT)_2008,19 September - 20 September 2008,Women
28,HANNAH,MIDTBOE,NOR,43-  29. | 34-  24. [27.43],,,Imst_(AUT)_2008,19 September - 20 September 2008,Women
29,FRANZISKA,SAURWEIN,AUT,43   27. | 33+  28. [28.00],,,Imst_(AUT)_2008,19 September - 20 September 2008,Women
30,NELLY,KUDROVA,CZE,43   27. | 33   30. [29.20],,,Imst_(AUT)_2008,19 September - 20 September 2008,Women
31,OLENA,OSTAPENKO,UKR,48   22. | 14   40. [30.00],,,Imst_(AUT)_2008,19 September - 20 September 2008,Women
32,AKI,TANAKA,JPN,39   33. | 33   30. [31.98],,,Imst_(AUT)_2008,19 September - 20 September 2008,Women
33,MATHILDE,COUCHOT,FRA,41+  31. | 29   34. [32.47],,,Imst_(AUT)_2008,19 September - 20 September 2008,Women
34,ANDREA,CARTAS BARRERA,ESP,36-  35. | 33   30. [32.94],,,Imst_(AUT)_2008,19 September - 20 September 2008,Women
35,LINN KARIN,STENDAL,NOR,37-  34. | 31   33. [33.50],,,Imst_(AUT)_2008,19 September - 20 September 2008,Women
36,ANNA,MIKUSHKINA,RUS,29   36. | 26-  35. [35.50],,,Imst_(AUT)_2008,19 September - 20 September 2008,Women
37,ANNEMARIE-CAROLINE,STANGACIU,ROU,22+  39. | 16-  36. [37.47],,,Imst_(AUT)_2008,19 September - 20 September 2008,Women
38,CHUNHUA,LI,CHN,28-  37. | 14.5   38. [38.00],,,Imst_(AUT)_2008,19 September - 20 September 2008,Women
38,MIRIAM,MOOSBURGER,AUT,28-  37. | 14.5   38. [38.00],,,Imst_(AUT)_2008,19 September - 20 September 2008,Women
40,CUIFANG,HE,CHN,19   40. | 15   37. [38.47],,,Imst_(AUT)_2008,19 September - 20 September 2008,Women
1,RAMÓN,JULIAN PUIGBLANQUE,ESP,top,top,48-,Puurs_(BEL)_2008,26 September - 27 September 2008,Men
2,TOMÁS,MRÁZEK,CZE,top,48-,46-,Puurs_(BEL)_2008,26 September - 27 September 2008,Men
3,JORG,VERHOEVEN,NED,top,47+,41-,Puurs_(BEL)_2008,26 September - 27 September 2008,Men
4,CÉDRIC,LACHAT,SUI,top,46+,37-,Puurs_(BEL)_2008,26 September - 27 September 2008,Men
5,VALERIY,KRYUKOV,UKR,top,46,37-,Puurs_(BEL)_2008,26 September - 27 September 2008,Men
6,SEAN,MCCOLL,CAN,top,46,35+,Puurs_(BEL)_2008,26 September - 27 September 2008,Men
7,KLEMEN,BECAN,SLO,top,46,31-,Puurs_(BEL)_2008,26 September - 27 September 2008,Men
8,PATXI,USOBIAGA LAKUNZA,ESP,41-,47+,25-,Puurs_(BEL)_2008,26 September - 27 September 2008,Men
9,MAGNUS,MIDTBOE,NOR,top,46-,,Puurs_(BEL)_2008,26 September - 27 September 2008,Men
9,JAKOB,SCHUBERT,AUT,top,46-,,Puurs_(BEL)_2008,26 September - 27 September 2008,Men
11,SANGWON,SON,KOR,top,42,,Puurs_(BEL)_2008,26 September - 27 September 2008,Men
12,FLAVIEN,GUERIMAND,FRA,40,42,,Puurs_(BEL)_2008,26 September - 27 September 2008,Men
13,ROMAIN,DESGRANGES,FRA,41-,42-,,Puurs_(BEL)_2008,26 September - 27 September 2008,Men
13,FABIEN,DUGIT,FRA,41-,42-,,Puurs_(BEL)_2008,26 September - 27 September 2008,Men
15,THOMAS,TAUPORN,GER,40,41,,Puurs_(BEL)_2008,26 September - 27 September 2008,Men
16,THOMAS,BALLET,FRA,top,41-,,Puurs_(BEL)_2008,26 September - 27 September 2008,Men
17,MICHAËL,FUSELIER,FRA,41-,39-,,Puurs_(BEL)_2008,26 September - 27 September 2008,Men
17,MANUEL,ROMAIN,FRA,41-,39-,,Puurs_(BEL)_2008,26 September - 27 September 2008,Men
19,HYUNBIN,MIN,KOR,40+,39-,,Puurs_(BEL)_2008,26 September - 27 September 2008,Men
20,FELIPE,CAMARGO,BRA,40+,36-,,Puurs_(BEL)_2008,26 September - 27 September 2008,Men
21,CASPER,TEN SIJTHOFF,NED,40+,33,,Puurs_(BEL)_2008,26 September - 27 September 2008,Men
22,GABOR,SZEKELY,HUN,41-,31-,,Puurs_(BEL)_2008,26 September - 27 September 2008,Men
23,KAZUMA,WATANABE,JPN,40+,28,,Puurs_(BEL)_2008,26 September - 27 September 2008,Men
24,JAHA,KIM,KOR,39,26+,,Puurs_(BEL)_2008,26 September - 27 September 2008,Men
25,MATEJ,SOVA,SLO,40+,26-,,Puurs_(BEL)_2008,26 September - 27 September 2008,Men
26,MARCO ANTONIO,JUBES ANGARITA,ESP,40+,24-,,Puurs_(BEL)_2008,26 September - 27 September 2008,Men
27,JÉRÔME,DE BOECK,BEL,39-,,,Puurs_(BEL)_2008,26 September - 27 September 2008,Men
28,PABLO,BARBERO ALFONSO,ESP,38+,,,Puurs_(BEL)_2008,26 September - 27 September 2008,Men
28,SERGEY,TERENTYEV,RUS,38+,,,Puurs_(BEL)_2008,26 September - 27 September 2008,Men
30,MAGNUS,HÖGSTRÖM,SWE,38-,,,Puurs_(BEL)_2008,26 September - 27 September 2008,Men
30,HIDEKAZU,ITO,JPN,38-,,,Puurs_(BEL)_2008,26 September - 27 September 2008,Men
30,ROMAIN,PAGNOUX,FRA,38-,,,Puurs_(BEL)_2008,26 September - 27 September 2008,Men
33,AURÉLIEN,CULVER,FRA,34+,,,Puurs_(BEL)_2008,26 September - 27 September 2008,Men
34,MARTIN,JAGGI,SUI,33+,,,Puurs_(BEL)_2008,26 September - 27 September 2008,Men
35,IVAYLO,KRASTEV,BUL,32-,,,Puurs_(BEL)_2008,26 September - 27 September 2008,Men
36,MAURICIO,HUERTA,MEX,31+,,,Puurs_(BEL)_2008,26 September - 27 September 2008,Men
37,FABIEN,COMINA,FRA,31,,,Puurs_(BEL)_2008,26 September - 27 September 2008,Men
38,OLIVIER,HEQUIN,FRA,31-,,,Puurs_(BEL)_2008,26 September - 27 September 2008,Men
38,JAN,HOJER,GER,31-,,,Puurs_(BEL)_2008,26 September - 27 September 2008,Men
38,FELIX,NEUMÄRKER,GER,31-,,,Puurs_(BEL)_2008,26 September - 27 September 2008,Men
41,TIMO,TAK,NED,30-,,,Puurs_(BEL)_2008,26 September - 27 September 2008,Men
42,STEFAN,DANKER,GER,27,,,Puurs_(BEL)_2008,26 September - 27 September 2008,Men
42,MICHAEL,TIMMERMANS,BEL,27,,,Puurs_(BEL)_2008,26 September - 27 September 2008,Men
44,IGOR,SOLOVEY,UKR,27-,,,Puurs_(BEL)_2008,26 September - 27 September 2008,Men
45,DAISUKE,KONISHI,JPN,26,,,Puurs_(BEL)_2008,26 September - 27 September 2008,Men
46,STEPHANE,HANSSENS,BEL,24,,,Puurs_(BEL)_2008,26 September - 27 September 2008,Men
47,JURGEN,LIS,BEL,24-,,,Puurs_(BEL)_2008,26 September - 27 September 2008,Men
47,JÜRGEN,REIS,AUT,24-,,,Puurs_(BEL)_2008,26 September - 27 September 2008,Men
47,DIRK,VERVOORT,BEL,24-,,,Puurs_(BEL)_2008,26 September - 27 September 2008,Men
50,DIEGO MARTÍN,MARSELLA PRADO,ARG,21+,,,Puurs_(BEL)_2008,26 September - 27 September 2008,Men
51,ERIC,BERTHE,BEL,21,,,Puurs_(BEL)_2008,26 September - 27 September 2008,Men
52,ERIK,CARLSSON,SWE,21-,,,Puurs_(BEL)_2008,26 September - 27 September 2008,Men
52,ROLANDS,RUGENS,LAT,21-,,,Puurs_(BEL)_2008,26 September - 27 September 2008,Men
54,KALIN,GARBOV,BUL,19,,,Puurs_(BEL)_2008,26 September - 27 September 2008,Men
55,KRISTOF,DEDECKER,BEL,15-,,,Puurs_(BEL)_2008,26 September - 27 September 2008,Men
55,DAVID,LEDUC,BEL,15-,,,Puurs_(BEL)_2008,26 September - 27 September 2008,Men
57,DIEGO LUIS,GONZÁLEZ,MEX,7+,,,Puurs_(BEL)_2008,26 September - 27 September 2008,Men
58,IVAN,KAUROV,RUS,7,,,Puurs_(BEL)_2008,26 September - 27 September 2008,Men
59,SACHI,AMMA,JPN,1,,,Puurs_(BEL)_2008,26 September - 27 September 2008,Men
1,MAJA,STREMFELJ,SLO,top,38+,52+,Puurs_(BEL)_2008,26 September - 27 September 2008,Women
2,MINA,MARKOVIC,SLO,top,37-,52+,Puurs_(BEL)_2008,26 September - 27 September 2008,Women
3,JOHANNA,ERNST,AUT,top,top,52,Puurs_(BEL)_2008,26 September - 27 September 2008,Women
4,CAROLINE,CIAVALDINI,FRA,top,39-,52,Puurs_(BEL)_2008,26 September - 27 September 2008,Women
5,AKIYO,NOGUCHI,JPN,top,37-,50+,Puurs_(BEL)_2008,26 September - 27 September 2008,Women
6,OLGA,SHALAGINA,UKR,46,38,49-,Puurs_(BEL)_2008,26 September - 27 September 2008,Women
7,IRATI,ANDA VILLANUEVA,ESP,top,37-,37-,Puurs_(BEL)_2008,26 September - 27 September 2008,Women
8,JAIN,KIM,KOR,top,37-,28,Puurs_(BEL)_2008,26 September - 27 September 2008,Women
9,CHLOÉ,GRAFTIAUX,BEL,46+,37-,,Puurs_(BEL)_2008,26 September - 27 September 2008,Women
10,NATALIJA,GROS,SLO,top,36+,,Puurs_(BEL)_2008,26 September - 27 September 2008,Women
10,BETTINA,SCHÖPF,AUT,top,36+,,Puurs_(BEL)_2008,26 September - 27 September 2008,Women
12,MURIEL,SARKANY,BEL,top,36,,Puurs_(BEL)_2008,26 September - 27 September 2008,Women
13,YANA,CHERESHNEVA,RUS,top,35,,Puurs_(BEL)_2008,26 September - 27 September 2008,Women
14,ALEXANDRA,EYER,SUI,top,34-,,Puurs_(BEL)_2008,26 September - 27 September 2008,Women
15,BARBARA,BACHER,AUT,47-,33,,Puurs_(BEL)_2008,26 September - 27 September 2008,Women
16,FLORENCE,PINET,FRA,42+,33-,,Puurs_(BEL)_2008,26 September - 27 September 2008,Women
17,VERA,ZIJLSTRA,NED,34,33-,,Puurs_(BEL)_2008,26 September - 27 September 2008,Women
18,ALIX,GRAFTIAUX,BEL,33,26+,,Puurs_(BEL)_2008,26 September - 27 September 2008,Women
19,CHARLOTTE,DURIF,FRA,top,20,,Puurs_(BEL)_2008,26 September - 27 September 2008,Women
20,SEURAN,HAN,KOR,46,20,,Puurs_(BEL)_2008,26 September - 27 September 2008,Women
21,MARINE,THÉVENET,FRA,43+,20,,Puurs_(BEL)_2008,26 September - 27 September 2008,Women
22,MATHILDE,COUCHOT,FRA,42,20-,,Puurs_(BEL)_2008,26 September - 27 September 2008,Women
23,JENNY,LAVARDA,ITA,40,20-,,Puurs_(BEL)_2008,26 September - 27 September 2008,Women
24,LINN KARIN,STENDAL,NOR,34-,20-,,Puurs_(BEL)_2008,26 September - 27 September 2008,Women
24,JULIANE,WURM,GER,34-,20-,,Puurs_(BEL)_2008,26 September - 27 September 2008,Women
26,CHRISTINE,SCHRANZ,AUT,top,14-,,Puurs_(BEL)_2008,26 September - 27 September 2008,Women
27,ANDREA,CARTAS BARRERA,ESP,33-,,,Puurs_(BEL)_2008,26 September - 27 September 2008,Women
28,FRANCIS,RODRIGUEZ,VEN,25,,,Puurs_(BEL)_2008,26 September - 27 September 2008,Women
28,WOON-SEON,SHIN,KOR,25,,,Puurs_(BEL)_2008,26 September - 27 September 2008,Women
30,ANOUK,PIOLA,SUI,24+,,,Puurs_(BEL)_2008,26 September - 27 September 2008,Women
31,ANNA,MIKUSHKINA,RUS,24-,,,Puurs_(BEL)_2008,26 September - 27 September 2008,Women
31,AKI,TANAKA,JPN,24-,,,Puurs_(BEL)_2008,26 September - 27 September 2008,Women
33,OLGA,MOROZKINA,RUS,23.5,,,Puurs_(BEL)_2008,26 September - 27 September 2008,Women
34,JANINE,CARDOSO,BRA,22-,,,Puurs_(BEL)_2008,26 September - 27 September 2008,Women
1,KLEMEN,BECAN,SLO,top,31,29,Kranj_(SLO)_2008,15 November - 16 November 2008,Men
2,JORG,VERHOEVEN,NED,top,32-,29-,Kranj_(SLO)_2008,15 November - 16 November 2008,Men
3,PATXI,USOBIAGA LAKUNZA,ESP,top,33-,26-,Kranj_(SLO)_2008,15 November - 16 November 2008,Men
4,TOMÁS,MRÁZEK,CZE,top,36-,25-,Kranj_(SLO)_2008,15 November - 16 November 2008,Men
5,JAKOB,SCHUBERT,AUT,top,34,25-,Kranj_(SLO)_2008,15 November - 16 November 2008,Men
6,CÉDRIC,LACHAT,SUI,top,31-,24.5,Kranj_(SLO)_2008,15 November - 16 November 2008,Men
7,FLAVIEN,GUERIMAND,FRA,34,31,15-,Kranj_(SLO)_2008,15 November - 16 November 2008,Men
8,SACHI,AMMA,JPN,top,31-,15-,Kranj_(SLO)_2008,15 November - 16 November 2008,Men
9,JAN,HOJER,GER,34-,30-,,Kranj_(SLO)_2008,15 November - 16 November 2008,Men
10,SYLVAIN,MILLET,FRA,40-,29-,,Kranj_(SLO)_2008,15 November - 16 November 2008,Men
11,ROMAIN,DESGRANGES,FRA,34,28-,,Kranj_(SLO)_2008,15 November - 16 November 2008,Men
12,AURÉLIEN,CULVER,FRA,34-,26,,Kranj_(SLO)_2008,15 November - 16 November 2008,Men
13,FABIEN,COMINA,FRA,top,26-,,Kranj_(SLO)_2008,15 November - 16 November 2008,Men
14,MAGNUS,MIDTBOE,NOR,40+,26-,,Kranj_(SLO)_2008,15 November - 16 November 2008,Men
15,RAMÓN,JULIAN PUIGBLANQUE,ESP,40-,26-,,Kranj_(SLO)_2008,15 November - 16 November 2008,Men
16,ALEXANDER,KALINA,RUS,38-,26-,,Kranj_(SLO)_2008,15 November - 16 November 2008,Men
17,THOMAS,BALLET,FRA,33-,26-,,Kranj_(SLO)_2008,15 November - 16 November 2008,Men
18,FABIEN,DUGIT,FRA,34+,25+,,Kranj_(SLO)_2008,15 November - 16 November 2008,Men
19,IVAN,KAUROV,RUS,34,25+,,Kranj_(SLO)_2008,15 November - 16 November 2008,Men
20,ALEXANDER,SHOPRIN,RUS,35-,22-,,Kranj_(SLO)_2008,15 November - 16 November 2008,Men
21,REMY,BERGASSE,FRA,34-,22-,,Kranj_(SLO)_2008,15 November - 16 November 2008,Men
22,MANUEL,ROMAIN,FRA,40-,21.5+,,Kranj_(SLO)_2008,15 November - 16 November 2008,Men
23,EVGENII,ZAZULIN,RUS,34-,21.5,,Kranj_(SLO)_2008,15 November - 16 November 2008,Men
24,JURE,BECAN,SLO,32-,21.5,,Kranj_(SLO)_2008,15 November - 16 November 2008,Men
25,HYUNBIN,MIN,KOR,33-,16,,Kranj_(SLO)_2008,15 November - 16 November 2008,Men
26,MATEJ,SOVA,SLO,34-,8-,,Kranj_(SLO)_2008,15 November - 16 November 2008,Men
27,MIKHAIL,KOCHETKOV,RUS,30-,,,Kranj_(SLO)_2008,15 November - 16 November 2008,Men
28,ANZE,STREMFELJ,SLO,29-,,,Kranj_(SLO)_2008,15 November - 16 November 2008,Men
29,IVAYLO,KRASTEV,BUL,28-,,,Kranj_(SLO)_2008,15 November - 16 November 2008,Men
30,MARIO,LECHNER,AUT,27+,,,Kranj_(SLO)_2008,15 November - 16 November 2008,Men
30,ARMAN,TER-MINASYAN,RUS,27+,,,Kranj_(SLO)_2008,15 November - 16 November 2008,Men
30,IZIDOR,ZUPAN,SLO,27+,,,Kranj_(SLO)_2008,15 November - 16 November 2008,Men
33,JÉRÔME,DE BOECK,BEL,26,,,Kranj_(SLO)_2008,15 November - 16 November 2008,Men
34,PIOTR,BUNSCH,POL,26-,,,Kranj_(SLO)_2008,15 November - 16 November 2008,Men
34,FELIPE,CAMARGO,BRA,26-,,,Kranj_(SLO)_2008,15 November - 16 November 2008,Men
34,BLAGOVEST,LAZAROV,BUL,26-,,,Kranj_(SLO)_2008,15 November - 16 November 2008,Men
37,NICKY,DE LEEUW,NED,24,,,Kranj_(SLO)_2008,15 November - 16 November 2008,Men
38,URBAN,PRIMOZIC,SLO,24-,,,Kranj_(SLO)_2008,15 November - 16 November 2008,Men
39,JON,CARDWELL,USA,23+,,,Kranj_(SLO)_2008,15 November - 16 November 2008,Men
39,MIKHAIL,CHERNIKOV,RUS,23+,,,Kranj_(SLO)_2008,15 November - 16 November 2008,Men
39,THOMAS,TAUPORN,GER,23+,,,Kranj_(SLO)_2008,15 November - 16 November 2008,Men
42,CHRISTIAN,FEISTMANTL,AUT,23,,,Kranj_(SLO)_2008,15 November - 16 November 2008,Men
42,KIRILL,SEMENOV,RUS,23,,,Kranj_(SLO)_2008,15 November - 16 November 2008,Men
42,HIROKI,TSUNODA,JPN,23,,,Kranj_(SLO)_2008,15 November - 16 November 2008,Men
45,MAGNUS,HÖGSTRÖM,SWE,23-,,,Kranj_(SLO)_2008,15 November - 16 November 2008,Men
45,VALERIY,KRYUKOV,UKR,23-,,,Kranj_(SLO)_2008,15 November - 16 November 2008,Men
45,DIEGO MARTÍN,MARSELLA PRADO,ARG,23-,,,Kranj_(SLO)_2008,15 November - 16 November 2008,Men
45,TIMO,TAK,NED,23-,,,Kranj_(SLO)_2008,15 November - 16 November 2008,Men
45,CASPER,TEN SIJTHOFF,NED,23-,,,Kranj_(SLO)_2008,15 November - 16 November 2008,Men
50,ERIK,CARLSSON,SWE,22.5+,,,Kranj_(SLO)_2008,15 November - 16 November 2008,Men
50,JÜRGEN,REIS,AUT,22.5+,,,Kranj_(SLO)_2008,15 November - 16 November 2008,Men
52,RYAN,RODEN,USA,22.5,,,Kranj_(SLO)_2008,15 November - 16 November 2008,Men
52,MARCIN,WSZOLEK,POL,22.5,,,Kranj_(SLO)_2008,15 November - 16 November 2008,Men
54,OLEKSANDR,ZILINSKIY,UKR,22,,,Kranj_(SLO)_2008,15 November - 16 November 2008,Men
55,MATHIAS,CONRAD,GER,22-,,,Kranj_(SLO)_2008,15 November - 16 November 2008,Men
55,BLAZ,RANT,SLO,22-,,,Kranj_(SLO)_2008,15 November - 16 November 2008,Men
55,MIHA,SKOF,SLO,22-,,,Kranj_(SLO)_2008,15 November - 16 November 2008,Men
58,GABOR,SZEKELY,HUN,21,,,Kranj_(SLO)_2008,15 November - 16 November 2008,Men
59,EIRIK BIRKELUND,OLSEN,NOR,21-,,,Kranj_(SLO)_2008,15 November - 16 November 2008,Men
59,LUKA,PERUNOVIC,SRB,21-,,,Kranj_(SLO)_2008,15 November - 16 November 2008,Men
61,VITALII,LAGUTIN,UKR,20,,,Kranj_(SLO)_2008,15 November - 16 November 2008,Men
61,KRISTOFFER KVAMME,THORBJOERNSEN,NOR,20,,,Kranj_(SLO)_2008,15 November - 16 November 2008,Men
63,DIEGO LUIS,GONZÁLEZ,MEX,17-,,,Kranj_(SLO)_2008,15 November - 16 November 2008,Men
64,SILVIU,CORCIOVEI,ROU,16,,,Kranj_(SLO)_2008,15 November - 16 November 2008,Men
65,LEUSCA,RAIMOND,ROU,16-,,,Kranj_(SLO)_2008,15 November - 16 November 2008,Men
66,CATALIN,PETRESCU,ROU,15,,,Kranj_(SLO)_2008,15 November - 16 November 2008,Men
1,JOHANNA,ERNST,AUT,top,top,top,Kranj_(SLO)_2008,15 November - 16 November 2008,Women
2,MAJA,STREMFELJ,SLO,top,39+,43-,Kranj_(SLO)_2008,15 November - 16 November 2008,Women
3,AKIYO,NOGUCHI,JPN,top,31-,36+,Kranj_(SLO)_2008,15 November - 16 November 2008,Women
4,CAROLINE,CIAVALDINI,FRA,top,31-,35-,Kranj_(SLO)_2008,15 November - 16 November 2008,Women
5,NATALIJA,GROS,SLO,top,31,30-,Kranj_(SLO)_2008,15 November - 16 November 2008,Women
6,CHARLOTTE,DURIF,FRA,top,31-,30-,Kranj_(SLO)_2008,15 November - 16 November 2008,Women
7,YANA,CHERESHNEVA,RUS,top,32-,25-,Kranj_(SLO)_2008,15 November - 16 November 2008,Women
8,MINA,MARKOVIC,SLO,top,31-,25-,Kranj_(SLO)_2008,15 November - 16 November 2008,Women
9,JULIANE,WURM,GER,29+,31-,,Kranj_(SLO)_2008,15 November - 16 November 2008,Women
10,OLGA,SHALAGINA,UKR,top,30+,,Kranj_(SLO)_2008,15 November - 16 November 2008,Women
11,KATHARINA,SAURWEIN,AUT,top,28-,,Kranj_(SLO)_2008,15 November - 16 November 2008,Women
12,KINGA,OCIEPKA,POL,28-,27,,Kranj_(SLO)_2008,15 November - 16 November 2008,Women
13,EVGENIIA,MALAMID,RUS,top,27-,,Kranj_(SLO)_2008,15 November - 16 November 2008,Women
14,FLORENCE,PINET,FRA,26,26.5-,,Kranj_(SLO)_2008,15 November - 16 November 2008,Women
15,HANNAH,MIDTBOE,NOR,27,24,,Kranj_(SLO)_2008,15 November - 16 November 2008,Women
16,ALEXANDRA,EYER,SUI,top,24-,,Kranj_(SLO)_2008,15 November - 16 November 2008,Women
16,JAIN,KIM,KOR,top,24-,,Kranj_(SLO)_2008,15 November - 16 November 2008,Women
18,NIKKI,VAN BERGEN,NED,26-,24-,,Kranj_(SLO)_2008,15 November - 16 November 2008,Women
19,IRATI,ANDA VILLANUEVA,ESP,25-,24-,,Kranj_(SLO)_2008,15 November - 16 November 2008,Women
20,CHRISTINE,SCHRANZ,AUT,top,23+,,Kranj_(SLO)_2008,15 November - 16 November 2008,Women
21,ASJA,GOSAR,SLO,28+,23+,,Kranj_(SLO)_2008,15 November - 16 November 2008,Women
22,MELISSA,LE NEVE,FRA,26+,23+,,Kranj_(SLO)_2008,15 November - 16 November 2008,Women
23,VERA,ZIJLSTRA,NED,28-,23,,Kranj_(SLO)_2008,15 November - 16 November 2008,Women
24,LINN KARIN,STENDAL,NOR,27,22-,,Kranj_(SLO)_2008,15 November - 16 November 2008,Women
25,LEJA,KOS,SLO,23-,22-,,Kranj_(SLO)_2008,15 November - 16 November 2008,Women
26,JULIA,MIROSHNICHENKO,RUS,27-,17,,Kranj_(SLO)_2008,15 November - 16 November 2008,Women
27,FRANCIS,RODRIGUEZ,VEN,21-,,,Kranj_(SLO)_2008,15 November - 16 November 2008,Women
28,AGATA,MODRZEJEWSKA,POL,18-,,,Kranj_(SLO)_2008,15 November - 16 November 2008,Women
29,PATRICIJA,LEVSTEK,SLO,17,,,Kranj_(SLO)_2008,15 November - 16 November 2008,Women
30,OLENA,OSTAPENKO,UKR,16-,,,Kranj_(SLO)_2008,15 November - 16 November 2008,Women
31,SPASINA,NEDYALKOVA,BUL,15,,,Kranj_(SLO)_2008,15 November - 16 November 2008,Women
32,SARAH,MATTHEWS,AUS,13,,,Kranj_(SLO)_2008,15 November - 16 November 2008,Women
33,OLGA,MEDVEDIEVA,UKR,12,,,Kranj_(SLO)_2008,15 November - 16 November 2008,Women
34,MARIJA,MILOSAVLJEVIC,SRB,11,,,Kranj_(SLO)_2008,15 November - 16 November 2008,Women
35,ANAMARIA,BOGACIU,ROU,1+,,,Kranj_(SLO)_2008,15 November - 16 November 2008,Women
