Rank,Name,,Country,Qualification,Final,event_name,Date,Gender
1,VEDDRIQ,LEONARDO,INA,4.98 (wr) (asr),5.01,IFSC_World_Cup_Seoul_2023,28 April - 30 April 2023,Men
2,JINBAO,LONG,CHN,5.40,5.12,IFSC_World_Cup_Seoul_2023,28 April - 30 April 2023,Men
3,XINSHANG,WANG,CHN,5.17,5.11,IFSC_World_Cup_Seoul_2023,28 April - 30 April 2023,Men
4,JIANGUO,LONG,CHN,5.130,6.37,IFSC_World_Cup_Seoul_2023,28 April - 30 April 2023,Men
5,EUNCHEOL,SHIN,KOR,5.131,8.69 (5.131),IFSC_World_Cup_Seoul_2023,28 April - 30 April 2023,Men
6,PENG,WU,CHN,5.231,6.13 (5.198),IFSC_World_Cup_Seoul_2023,28 April - 30 April 2023,Men
7,ASPAR,ASPAR,INA,5.22,5.24 (5.220),IFSC_World_Cup_Seoul_2023,28 April - 30 April 2023,Men
8,MATTEO,ZURLONI,ITA,5.230 (er),8.04 (5.230),IFSC_World_Cup_Seoul_2023,28 April - 30 April 2023,Men
9,SAMUEL,WATSON,USA,5.02 (par),5.42 (5.29),IFSC_World_Cup_Seoul_2023,28 April - 30 April 2023,Men
10,RAHMAD,ADI MULYONO,INA,5.239,5.29 (5.239),IFSC_World_Cup_Seoul_2023,28 April - 30 April 2023,Men
11,LUDOVICO,FOSSALI,ITA,5.31,5.25,IFSC_World_Cup_Seoul_2023,28 April - 30 April 2023,Men
12,JOHN,BROSLER,USA,5.28,7.16 (5.285),IFSC_World_Cup_Seoul_2023,28 April - 30 April 2023,Men
13,YAROSLAV,TKACH,UKR,5.35,5.37 (5.350),IFSC_World_Cup_Seoul_2023,28 April - 30 April 2023,Men
14,AMIR,MAIMURATOV,KAZ,5.38,false start (5.380),IFSC_World_Cup_Seoul_2023,28 April - 30 April 2023,Men
15,MINHUI,WANG,CHN,5.39,5.62 (5.394),IFSC_World_Cup_Seoul_2023,28 April - 30 April 2023,Men
16,BASSA,MAWEM,FRA,5.43,5.59 (5.431),IFSC_World_Cup_Seoul_2023,28 April - 30 April 2023,Men
17,JUN,YASUKAWA,JPN,5.450,,IFSC_World_Cup_Seoul_2023,28 April - 30 April 2023,Men
18,SEUNGBEOM,LEE,KOR,5.458,,IFSC_World_Cup_Seoul_2023,28 April - 30 April 2023,Men
19,YONGSU,LEE,KOR,5.48,,IFSC_World_Cup_Seoul_2023,28 April - 30 April 2023,Men
20,ZAENAL,ARIPIN,INA,5.53,,IFSC_World_Cup_Seoul_2023,28 April - 30 April 2023,Men
21,RYO,OMASA,JPN,5.54,,IFSC_World_Cup_Seoul_2023,28 April - 30 April 2023,Men
22,MARCIN,DZIENSKI,POL,5.570,,IFSC_World_Cup_Seoul_2023,28 April - 30 April 2023,Men
23,ISAAC,ESTEVEZ,ECU,5.574,,IFSC_World_Cup_Seoul_2023,28 April - 30 April 2023,Men
24,YONGJUN,JUNG,KOR,5.59,,IFSC_World_Cup_Seoul_2023,28 April - 30 April 2023,Men
25,CARLOS,GRANJA,ECU,5.60,,IFSC_World_Cup_Seoul_2023,28 April - 30 April 2023,Men
26,RISHAT,KHAIBULLIN,KAZ,5.61,,IFSC_World_Cup_Seoul_2023,28 April - 30 April 2023,Men
27,YUDAI,IKEDA,JPN,5.62,,IFSC_World_Cup_Seoul_2023,28 April - 30 April 2023,Men
28,ZACH,HAMMER,USA,5.63,,IFSC_World_Cup_Seoul_2023,28 April - 30 April 2023,Men
29,RAFE,STOKES,GBR,5.64,,IFSC_World_Cup_Seoul_2023,28 April - 30 April 2023,Men
30,SHUTO,FUJINO,JPN,5.66,,IFSC_World_Cup_Seoul_2023,28 April - 30 April 2023,Men
31,NOAH,BRATSCHI,USA,5.70,,IFSC_World_Cup_Seoul_2023,28 April - 30 April 2023,Men
32,KIROMAL,KATIBIN,INA,5.71,,IFSC_World_Cup_Seoul_2023,28 April - 30 April 2023,Men
33,LUKAS,KNAPP,AUT,5.743,,IFSC_World_Cup_Seoul_2023,28 April - 30 April 2023,Men
34,MICHAEL,FINN-HENRY,CAN,5.748,,IFSC_World_Cup_Seoul_2023,28 April - 30 April 2023,Men
35,TOBIAS,PLANGGER,AUT,5.79,,IFSC_World_Cup_Seoul_2023,28 April - 30 April 2023,Men
36,SEBASTIAN,LUCKE,GER,5.85,,IFSC_World_Cup_Seoul_2023,28 April - 30 April 2023,Men
37,GIAN LUCA,ZODDA,ITA,5.88,,IFSC_World_Cup_Seoul_2023,28 April - 30 April 2023,Men
38,DANYIL,BOLDYREV,UKR,5.90,,IFSC_World_Cup_Seoul_2023,28 April - 30 April 2023,Men
39,MERRITT,ERNSBERGER,USA,5.93,,IFSC_World_Cup_Seoul_2023,28 April - 30 April 2023,Men
40,MARIUS,PAYET GABORIAUD,FRA,5.96,,IFSC_World_Cup_Seoul_2023,28 April - 30 April 2023,Men
41,JAN,KRIZ,CZE,5.98,,IFSC_World_Cup_Seoul_2023,28 April - 30 April 2023,Men
42,ZHANDOS,KALIBAY,KAZ,6.07,,IFSC_World_Cup_Seoul_2023,28 April - 30 April 2023,Men
43,YANN,LE CLERCQ DE LANNOY,FRA,6.11,,IFSC_World_Cup_Seoul_2023,28 April - 30 April 2023,Men
44,MILAD,ALIPOURSHENAZANDIFARD,IRI,6.14,,IFSC_World_Cup_Seoul_2023,28 April - 30 April 2023,Men
45,YOUNG HYUN,KIM,KOR,6.15 (6.493),,IFSC_World_Cup_Seoul_2023,28 April - 30 April 2023,Men
46,CHIA HSIANG,LIN,TPE,6.15 (7.370),,IFSC_World_Cup_Seoul_2023,28 April - 30 April 2023,Men
47,DYLAN,LE,CAN,6.21,,IFSC_World_Cup_Seoul_2023,28 April - 30 April 2023,Men
48,DEEPU,MALLESH,IND,6.27,,IFSC_World_Cup_Seoul_2023,28 April - 30 April 2023,Men
49,MOTONORI,TABUCHI,JPN,6.310,,IFSC_World_Cup_Seoul_2023,28 April - 30 April 2023,Men
50,CHEUNG-CHI SHOJI,CHAN,HKG,6.316,,IFSC_World_Cup_Seoul_2023,28 April - 30 April 2023,Men
51,JULIAN,DAVID,NZL,6.43 (ocr),,IFSC_World_Cup_Seoul_2023,28 April - 30 April 2023,Men
52,ALESSANDRO,BOULOS,ITA,6.46,,IFSC_World_Cup_Seoul_2023,28 April - 30 April 2023,Men
53,DONG JUN,KIM,KOR,6.56,,IFSC_World_Cup_Seoul_2023,28 April - 30 April 2023,Men
54,DARREN,SKOLNIK,USA,6.60,,IFSC_World_Cup_Seoul_2023,28 April - 30 April 2023,Men
55,ARDCH,INTRACHUPONGSE,THA,6.67,,IFSC_World_Cup_Seoul_2023,28 April - 30 April 2023,Men
56,ALFIAN,MUHAMMAD FAJRI,INA,6.79,,IFSC_World_Cup_Seoul_2023,28 April - 30 April 2023,Men
57,MINSU,KANG,KOR,6.86,,IFSC_World_Cup_Seoul_2023,28 April - 30 April 2023,Men
58,TAEUNG,MOON,KOR,7.06,,IFSC_World_Cup_Seoul_2023,28 April - 30 April 2023,Men
59,QUINN,O'FRANCIA,USA,7.17,,IFSC_World_Cup_Seoul_2023,28 April - 30 April 2023,Men
60,VALENTIN,STERNIK,ARG,7.32,,IFSC_World_Cup_Seoul_2023,28 April - 30 April 2023,Men
61,FLYNN,CHISHOLM,NZL,7.48,,IFSC_World_Cup_Seoul_2023,28 April - 30 April 2023,Men
62,DAMIR,TOKTAROV,KAZ,7.49,,IFSC_World_Cup_Seoul_2023,28 April - 30 April 2023,Men
63,JONGBIN,CHOI,KOR,7.95,,IFSC_World_Cup_Seoul_2023,28 April - 30 April 2023,Men
64,ADRIEN,LEVESQUE,CAN,8.02,,IFSC_World_Cup_Seoul_2023,28 April - 30 April 2023,Men
65,GUILLAUME,MORO,FRA,8.44,,IFSC_World_Cup_Seoul_2023,28 April - 30 April 2023,Men
66,CHEUK-NAM,WONG,HKG,10.60,,IFSC_World_Cup_Seoul_2023,28 April - 30 April 2023,Men
67,LIANG,ZHANG,CHN,fall,,IFSC_World_Cup_Seoul_2023,28 April - 30 April 2023,Men
68,REZA,ALIPOUR SHENAZANDIFARD,IRI,false start,,IFSC_World_Cup_Seoul_2023,28 April - 30 April 2023,Men
68,LONG,CAO,CHN,false start,,IFSC_World_Cup_Seoul_2023,28 April - 30 April 2023,Men
68,LEANDER,CARMANNS,GER,false start,,IFSC_World_Cup_Seoul_2023,28 April - 30 April 2023,Men
68,ERIK,NOYA CARDONA,ESP,false start,,IFSC_World_Cup_Seoul_2023,28 April - 30 April 2023,Men
68,ETHAN,PITCHER,CAN,false start,,IFSC_World_Cup_Seoul_2023,28 April - 30 April 2023,Men
1,ALEKSANDRA,MIROSLAW,POL,6.37 (wr) (er),6.25 (wr) (er),IFSC_World_Cup_Seoul_2023,28 April - 30 April 2023,Women
2,NATALIA,KALUCKA,POL,6.66,6.67,IFSC_World_Cup_Seoul_2023,28 April - 30 April 2023,Women
3,DESAK,MADE RITA KUSUMA DEWI,INA,6.74,6.60,IFSC_World_Cup_Seoul_2023,28 April - 30 April 2023,Women
4,ALEKSANDRA,KALUCKA,POL,6.72,6.71,IFSC_World_Cup_Seoul_2023,28 April - 30 April 2023,Women
5,LIJUAN,DENG,CHN,6.84,6.697,IFSC_World_Cup_Seoul_2023,28 April - 30 April 2023,Women
6,RAJIAH,SALLSABILLAH,INA,6.90,6.76,IFSC_World_Cup_Seoul_2023,28 April - 30 April 2023,Women
7,EMMA,HUNT,USA,6.82 (par),6.86 (6.822),IFSC_World_Cup_Seoul_2023,28 April - 30 April 2023,Women
8,JIMIN,JEONG,KOR,7.08,6.94 (6.864),IFSC_World_Cup_Seoul_2023,28 April - 30 April 2023,Women
9,DI,NIU,CHN,7.20,6.96,IFSC_World_Cup_Seoul_2023,28 April - 30 April 2023,Women
10,SHAOQIN,ZHANG,CHN,7.21,9.07 (7.213),IFSC_World_Cup_Seoul_2023,28 April - 30 April 2023,Women
11,ANNA,BROZEK,POL,7.400,7.26,IFSC_World_Cup_Seoul_2023,28 April - 30 April 2023,Women
12,GIULIA,RANDI,ITA,7.30,7.40 (7.307),IFSC_World_Cup_Seoul_2023,28 April - 30 April 2023,Women
13,CAPUCINE,VIGLIONE,FRA,7.33,12.81 (7.337),IFSC_World_Cup_Seoul_2023,28 April - 30 April 2023,Women
14,YUJU,MU,CHN,7.35,7.48 (7.354),IFSC_World_Cup_Seoul_2023,28 April - 30 April 2023,Women
15,YAFEI,ZHOU,CHN,7.401,7.40,IFSC_World_Cup_Seoul_2023,28 April - 30 April 2023,Women
16,ANDREA,ROJAS,ECU,7.41,7.52 (7.411),IFSC_World_Cup_Seoul_2023,28 April - 30 April 2023,Women
17,BEATRICE,COLLI,ITA,7.42,,IFSC_World_Cup_Seoul_2023,28 April - 30 April 2023,Women
18,NURUL,IQAMAH,INA,7.44,,IFSC_World_Cup_Seoul_2023,28 April - 30 April 2023,Women
19,MANON,LEBON,FRA,7.51,,IFSC_World_Cup_Seoul_2023,28 April - 30 April 2023,Women
20,FRANZISKA,RITTER,GER,7.57,,IFSC_World_Cup_Seoul_2023,28 April - 30 April 2023,Women
21,LISON,GAUTRON,FRA,7.65,,IFSC_World_Cup_Seoul_2023,28 April - 30 April 2023,Women
22,AI,TAKEUCHI,JPN,7.84,,IFSC_World_Cup_Seoul_2023,28 April - 30 April 2023,Women
23,TAMARA,ULZHABAYEVA,KAZ,7.85,,IFSC_World_Cup_Seoul_2023,28 April - 30 April 2023,Women
24,KARIN,HAYASHI,JPN,7.993,,IFSC_World_Cup_Seoul_2023,28 April - 30 April 2023,Women
25,AURELIA,SARISSON,FRA,7.994,,IFSC_World_Cup_Seoul_2023,28 April - 30 April 2023,Women
26,PIPER,KELLY,USA,8.16,,IFSC_World_Cup_Seoul_2023,28 April - 30 April 2023,Women
27,HEEJU,NOH,KOR,8.21,,IFSC_World_Cup_Seoul_2023,28 April - 30 April 2023,Women
28,FUMIKA,KAWAKAMI,JPN,8.22,,IFSC_World_Cup_Seoul_2023,28 April - 30 April 2023,Women
29,VICTOIRE,ANDRIER,FRA,8.37,,IFSC_World_Cup_Seoul_2023,28 April - 30 April 2023,Women
30,SOPHIA,CURCIO,USA,8.390,,IFSC_World_Cup_Seoul_2023,28 April - 30 April 2023,Women
31,ASSEL,MARLENOVA,KAZ,8.396,,IFSC_World_Cup_Seoul_2023,28 April - 30 April 2023,Women
32,HANAREUM,SUNG,KOR,8.54,,IFSC_World_Cup_Seoul_2023,28 April - 30 April 2023,Women
33,CALLIE,CLOSE,USA,8.61,,IFSC_World_Cup_Seoul_2023,28 April - 30 April 2023,Women
34,HARUKA,KANETANI,JPN,9.03,,IFSC_World_Cup_Seoul_2023,28 April - 30 April 2023,Women
35,DASOM,YUN,KOR,9.175,,IFSC_World_Cup_Seoul_2023,28 April - 30 April 2023,Women
36,NATSUMI,HAYASHI,JPN,9.179,,IFSC_World_Cup_Seoul_2023,28 April - 30 April 2023,Women
37,SEOYEON,PARK,KOR,9.39,,IFSC_World_Cup_Seoul_2023,28 April - 30 April 2023,Women
38,ANNA,BALARSHINA,KAZ,9.42,,IFSC_World_Cup_Seoul_2023,28 April - 30 April 2023,Women
39,ABIGAIL,RUANO,ECU,9.54,,IFSC_World_Cup_Seoul_2023,28 April - 30 April 2023,Women
40,SARAH,TETZLAFF,NZL,9.56,,IFSC_World_Cup_Seoul_2023,28 April - 30 April 2023,Women
41,NAWOO,CHOI,KOR,9.79,,IFSC_World_Cup_Seoul_2023,28 April - 30 April 2023,Women
42,GRACE,CROWLEY,AUS,9.87,,IFSC_World_Cup_Seoul_2023,28 April - 30 April 2023,Women
43,YENA,PI,KOR,9.96,,IFSC_World_Cup_Seoul_2023,28 April - 30 April 2023,Women
44,SHIVPREET,PANNU,IND,10.12,,IFSC_World_Cup_Seoul_2023,28 April - 30 April 2023,Women
45,YE JIN,JUNG,KOR,10.28,,IFSC_World_Cup_Seoul_2023,28 April - 30 April 2023,Women
46,JORJA,RANGI,NZL,11.04,,IFSC_World_Cup_Seoul_2023,28 April - 30 April 2023,Women
47,ERICA,VELEV,CAN,13.68,,IFSC_World_Cup_Seoul_2023,28 April - 30 April 2023,Women
48,PATRYCJA,CHUDZIAK,POL,fall,,IFSC_World_Cup_Seoul_2023,28 April - 30 April 2023,Women
49,SHENGYAN,WANG,CHN,false start,,IFSC_World_Cup_Seoul_2023,28 April - 30 April 2023,Women
49,MI,YANG,CHN,false start,,IFSC_World_Cup_Seoul_2023,28 April - 30 April 2023,Women
1,RAHARJATI,NURSAMSA,INA,5.18,5.11,IFSC_World_Cup_Jakarta_2023,6 May - 7 May 2023,Men
2,XINSHANG,WANG,CHN,5.28,5.14,IFSC_World_Cup_Jakarta_2023,6 May - 7 May 2023,Men
3,KIROMAL,KATIBIN,INA,5.03,6.34,IFSC_World_Cup_Jakarta_2023,6 May - 7 May 2023,Men
4,PENG,WU,CHN,5.21,fall,IFSC_World_Cup_Jakarta_2023,6 May - 7 May 2023,Men
5,VEDDRIQ,LEONARDO,INA,5.09,5.03 (5.34),IFSC_World_Cup_Jakarta_2023,6 May - 7 May 2023,Men
6,SAMUEL,WATSON,USA,5.13,6.05 (5.137),IFSC_World_Cup_Jakarta_2023,6 May - 7 May 2023,Men
7,JUN,YASUKAWA,JPN,5.22,5.22,IFSC_World_Cup_Jakarta_2023,6 May - 7 May 2023,Men
8,EUNCHEOL,SHIN,KOR,5.278,fall (5.278),IFSC_World_Cup_Jakarta_2023,6 May - 7 May 2023,Men
9,RAHMAD,ADI MULYONO,INA,5.14,6.70 (5.145),IFSC_World_Cup_Jakarta_2023,6 May - 7 May 2023,Men
10,LIANG,ZHANG,CHN,5.16,6.84 (5.168),IFSC_World_Cup_Jakarta_2023,6 May - 7 May 2023,Men
11,ZAINAL,ARIPIN,INA,5.243,5.41 (5.243),IFSC_World_Cup_Jakarta_2023,6 May - 7 May 2023,Men
12,JINBAO,LONG,CHN,5.248,5.25 (5.248),IFSC_World_Cup_Jakarta_2023,6 May - 7 May 2023,Men
13,MATTEO,ZURLONI,ITA,5.271,fall (5.271),IFSC_World_Cup_Jakarta_2023,6 May - 7 May 2023,Men
14,LONG,CAO,CHN,5.29,7.07 (5.298),IFSC_World_Cup_Jakarta_2023,6 May - 7 May 2023,Men
15,ASPAR,ASPAR,INA,5.33,8.93 (5.335),IFSC_World_Cup_Jakarta_2023,6 May - 7 May 2023,Men
16,YAROSLAV,TKACH,UKR,5.35,5.47 (5.355),IFSC_World_Cup_Jakarta_2023,6 May - 7 May 2023,Men
17,HINAYAH,MUHAMMAD,INA,5.37,,IFSC_World_Cup_Jakarta_2023,6 May - 7 May 2023,Men
18,ADITYA,TRI SYAHRIA,INA,5.39,,IFSC_World_Cup_Jakarta_2023,6 May - 7 May 2023,Men
19,ERIK,NOYA CARDONA,ESP,5.421,,IFSC_World_Cup_Jakarta_2023,6 May - 7 May 2023,Men
20,REZA,ALIPOUR SHENAZANDIFARD,IRI,5.429,,IFSC_World_Cup_Jakarta_2023,6 May - 7 May 2023,Men
21,BASSA,MAWEM,FRA,5.43,,IFSC_World_Cup_Jakarta_2023,6 May - 7 May 2023,Men
22,LEANDER,CARMANNS,GER,5.49,,IFSC_World_Cup_Jakarta_2023,6 May - 7 May 2023,Men
23,JOHN,BROSLER,USA,5.50,,IFSC_World_Cup_Jakarta_2023,6 May - 7 May 2023,Men
24,RAAMASKI,ASWIN KRISTANTO,INA,5.51,,IFSC_World_Cup_Jakarta_2023,6 May - 7 May 2023,Men
25,SEUNGBEOM,LEE,KOR,5.52,,IFSC_World_Cup_Jakarta_2023,6 May - 7 May 2023,Men
26,SEBASTIAN,LUCKE,GER,5.53,,IFSC_World_Cup_Jakarta_2023,6 May - 7 May 2023,Men
27,MINHUI,WANG,CHN,5.54,,IFSC_World_Cup_Jakarta_2023,6 May - 7 May 2023,Men
28,ALFIAN,MUHAMMAD FAJRI,INA,5.55,,IFSC_World_Cup_Jakarta_2023,6 May - 7 May 2023,Men
29,APHIWIT,LIMPANICHPAKDEE,THA,5.560,,IFSC_World_Cup_Jakarta_2023,6 May - 7 May 2023,Men
30,GIAN LUCA,ZODDA,ITA,5.564,,IFSC_World_Cup_Jakarta_2023,6 May - 7 May 2023,Men
31,MERRITT,ERNSBERGER,USA,5.58,,IFSC_World_Cup_Jakarta_2023,6 May - 7 May 2023,Men
32,MARCIN,DZIENSKI,POL,5.596,,IFSC_World_Cup_Jakarta_2023,6 May - 7 May 2023,Men
33,GUILLAUME,MORO,FRA,5.598,,IFSC_World_Cup_Jakarta_2023,6 May - 7 May 2023,Men
34,JIANGUO,LONG,CHN,5.62,,IFSC_World_Cup_Jakarta_2023,6 May - 7 May 2023,Men
35,YONGJUN,JUNG,KOR,5.63,,IFSC_World_Cup_Jakarta_2023,6 May - 7 May 2023,Men
36,YONGSU,LEE,KOR,5.680,,IFSC_World_Cup_Jakarta_2023,6 May - 7 May 2023,Men
37,CARLOS,GRANJA,ECU,5.688,,IFSC_World_Cup_Jakarta_2023,6 May - 7 May 2023,Men
38,SABRI,SABRI,INA,5.73,,IFSC_World_Cup_Jakarta_2023,6 May - 7 May 2023,Men
39,NOAH,BRATSCHI,USA,5.747,,IFSC_World_Cup_Jakarta_2023,6 May - 7 May 2023,Men
40,MICHAEL,FINN-HENRY,CAN,5.749,,IFSC_World_Cup_Jakarta_2023,6 May - 7 May 2023,Men
41,LUKAS,KNAPP,AUT,5.760,,IFSC_World_Cup_Jakarta_2023,6 May - 7 May 2023,Men
42,PIERRE,REBREYEND,FRA,5.767,,IFSC_World_Cup_Jakarta_2023,6 May - 7 May 2023,Men
43,RYO,OMASA,JPN,5.82,,IFSC_World_Cup_Jakarta_2023,6 May - 7 May 2023,Men
44,BEKNUR,ALTYNBEKOV,KAZ,5.83,,IFSC_World_Cup_Jakarta_2023,6 May - 7 May 2023,Men
45,TOBIAS,PLANGGER,AUT,5.84,,IFSC_World_Cup_Jakarta_2023,6 May - 7 May 2023,Men
46,ALESSANDRO,BOULOS,ITA,5.87,,IFSC_World_Cup_Jakarta_2023,6 May - 7 May 2023,Men
47,MARIUS,PAYET GABORIAUD,FRA,5.88,,IFSC_World_Cup_Jakarta_2023,6 May - 7 May 2023,Men
48,MILAD,ALIPOURSHENAZANDIFARD,IRI,5.90,,IFSC_World_Cup_Jakarta_2023,6 May - 7 May 2023,Men
49,PANGERAN,SEPTO WIBOWO SIBURIAN,INA,5.95,,IFSC_World_Cup_Jakarta_2023,6 May - 7 May 2023,Men
50,DEEPU,MALLESH,IND,5.98,,IFSC_World_Cup_Jakarta_2023,6 May - 7 May 2023,Men
51,DYLAN,LE,CAN,5.99,,IFSC_World_Cup_Jakarta_2023,6 May - 7 May 2023,Men
52,JAN,KRIZ,CZE,6.00,,IFSC_World_Cup_Jakarta_2023,6 May - 7 May 2023,Men
53,SHUTO,FUJINO,JPN,6.01,,IFSC_World_Cup_Jakarta_2023,6 May - 7 May 2023,Men
54,ALISHER,MURAT,KAZ,6.02,,IFSC_World_Cup_Jakarta_2023,6 May - 7 May 2023,Men
55,AMIR,MAIMURATOV,KAZ,6.16,,IFSC_World_Cup_Jakarta_2023,6 May - 7 May 2023,Men
56,YUDAI,IKEDA,JPN,6.18,,IFSC_World_Cup_Jakarta_2023,6 May - 7 May 2023,Men
57,DAESEONG,KIM,KOR,6.22,,IFSC_World_Cup_Jakarta_2023,6 May - 7 May 2023,Men
58,ZACH,HAMMER,USA,6.23,,IFSC_World_Cup_Jakarta_2023,6 May - 7 May 2023,Men
59,QUINN,O'FRANCIA,USA,6.25,,IFSC_World_Cup_Jakarta_2023,6 May - 7 May 2023,Men
60,MATVEY,YESSIPOV,KAZ,6.30,,IFSC_World_Cup_Jakarta_2023,6 May - 7 May 2023,Men
61,DANYIL,BOLDYREV,UKR,6.35,,IFSC_World_Cup_Jakarta_2023,6 May - 7 May 2023,Men
62,ADRIEN,LEVESQUE,CAN,6.51,,IFSC_World_Cup_Jakarta_2023,6 May - 7 May 2023,Men
63,ISAAC,ESTEVEZ,ECU,6.53,,IFSC_World_Cup_Jakarta_2023,6 May - 7 May 2023,Men
64,MOTONORI,TABUCHI,JPN,6.73,,IFSC_World_Cup_Jakarta_2023,6 May - 7 May 2023,Men
65,HAYDEN,BARTON,AUS,6.93,,IFSC_World_Cup_Jakarta_2023,6 May - 7 May 2023,Men
66,MOHD IZZAT,MOHD SHOKOR,MAS,7.03,,IFSC_World_Cup_Jakarta_2023,6 May - 7 May 2023,Men
67,VALENTIN,STERNIK,ARG,7.08,,IFSC_World_Cup_Jakarta_2023,6 May - 7 May 2023,Men
68,JIT YI,DENZEL CHUA,SGP,7.44,,IFSC_World_Cup_Jakarta_2023,6 May - 7 May 2023,Men
69,TAN,BING QIAN,SGP,7.45,,IFSC_World_Cup_Jakarta_2023,6 May - 7 May 2023,Men
70,DARREN,SKOLNIK,USA,8.63,,IFSC_World_Cup_Jakarta_2023,6 May - 7 May 2023,Men
71,TARIM,MEHMET ALİ,TUR,10.27,,IFSC_World_Cup_Jakarta_2023,6 May - 7 May 2023,Men
72,LUDOVICO,FOSSALI,ITA,fall,,IFSC_World_Cup_Jakarta_2023,6 May - 7 May 2023,Men
1,ALEKSANDRA,MIROSLAW,POL,6.36,6.43,IFSC_World_Cup_Jakarta_2023,6 May - 7 May 2023,Women
2,DESAK,MADE RITA KUSUMA DEWI,INA,6.65,6.52 (asr),IFSC_World_Cup_Jakarta_2023,6 May - 7 May 2023,Women
3,ALEKSANDRA,KALUCKA,POL,6.82,6.64,IFSC_World_Cup_Jakarta_2023,6 May - 7 May 2023,Women
4,LIJUAN,DENG,CHN,6.745,6.65,IFSC_World_Cup_Jakarta_2023,6 May - 7 May 2023,Women
5,DI,NIU,CHN,7.03,6.74,IFSC_World_Cup_Jakarta_2023,6 May - 7 May 2023,Women
6,NATALIA,KALUCKA,POL,6.749,fall (6.749),IFSC_World_Cup_Jakarta_2023,6 May - 7 May 2023,Women
7,EMMA,HUNT,USA,6.97,6.79 (par),IFSC_World_Cup_Jakarta_2023,6 May - 7 May 2023,Women
8,RAJIAH,SALLSABILLAH,INA,6.92,6.84,IFSC_World_Cup_Jakarta_2023,6 May - 7 May 2023,Women
9,NURUL,IQAMAH,INA,7.05,7.20 (7.53),IFSC_World_Cup_Jakarta_2023,6 May - 7 May 2023,Women
10,SHENGYAN,WANG,CHN,7.23,7.78 (7.237),IFSC_World_Cup_Jakarta_2023,6 May - 7 May 2023,Women
11,JIMIN,JEONG,KOR,7.32,7.29,IFSC_World_Cup_Jakarta_2023,6 May - 7 May 2023,Women
12,NARDA MUTIA,AMANDA,INA,7.30,fall (7.308),IFSC_World_Cup_Jakarta_2023,6 May - 7 May 2023,Women
13,FRANZISKA,RITTER,GER,7.37,9.85 (7.377),IFSC_World_Cup_Jakarta_2023,6 May - 7 May 2023,Women
14,CAPUCINE,VIGLIONE,FRA,7.383,7.69 (7.383),IFSC_World_Cup_Jakarta_2023,6 May - 7 May 2023,Women
15,PATRYCJA,CHUDZIAK,POL,7.384,7.48 (7.384),IFSC_World_Cup_Jakarta_2023,6 May - 7 May 2023,Women
16,YAFEI,ZHOU,CHN,7.42,7.50 (7.423),IFSC_World_Cup_Jakarta_2023,6 May - 7 May 2023,Women
17,GIULIA,RANDI,ITA,7.43,,IFSC_World_Cup_Jakarta_2023,6 May - 7 May 2023,Women
18,ANDREA,ROJAS,ECU,7.46,,IFSC_World_Cup_Jakarta_2023,6 May - 7 May 2023,Women
19,YUJU,MU,CHN,7.49,,IFSC_World_Cup_Jakarta_2023,6 May - 7 May 2023,Women
20,SHAOQIN,ZHANG,CHN,7.56,,IFSC_World_Cup_Jakarta_2023,6 May - 7 May 2023,Women
21,ALIVANY,VER KHADIJAH,INA,7.62,,IFSC_World_Cup_Jakarta_2023,6 May - 7 May 2023,Women
22,VICTOIRE,ANDRIER,FRA,7.69,,IFSC_World_Cup_Jakarta_2023,6 May - 7 May 2023,Women
23,BERTHDIGNA DEVI SURYA,KUSUMA,INA,7.752,,IFSC_World_Cup_Jakarta_2023,6 May - 7 May 2023,Women
24,NURMA,ANJANI,INA,7.759,,IFSC_World_Cup_Jakarta_2023,6 May - 7 May 2023,Women
25,ANNA,BROZEK,POL,7.85,,IFSC_World_Cup_Jakarta_2023,6 May - 7 May 2023,Women
26,PIPER,KELLY,USA,7.92,,IFSC_World_Cup_Jakarta_2023,6 May - 7 May 2023,Women
27,LIBERTY,RUNNELS,USA,8.09,,IFSC_World_Cup_Jakarta_2023,6 May - 7 May 2023,Women
28,SOPHIA,CURCIO,USA,8.17,,IFSC_World_Cup_Jakarta_2023,6 May - 7 May 2023,Women
29,FUMIKA,KAWAKAMI,JPN,8.21,,IFSC_World_Cup_Jakarta_2023,6 May - 7 May 2023,Women
30,AI,TAKEUCHI,JPN,8.29,,IFSC_World_Cup_Jakarta_2023,6 May - 7 May 2023,Women
31,LISON,GAUTRON,FRA,8.35,,IFSC_World_Cup_Jakarta_2023,6 May - 7 May 2023,Women
32,BEATRICE,COLLI,ITA,8.40,,IFSC_World_Cup_Jakarta_2023,6 May - 7 May 2023,Women
33,HARUKA,KANETANI,JPN,8.44,,IFSC_World_Cup_Jakarta_2023,6 May - 7 May 2023,Women
34,HEEJU,NOH,KOR,8.51,,IFSC_World_Cup_Jakarta_2023,6 May - 7 May 2023,Women
35,SUSAN,NURHIDAYAH,INA,8.68,,IFSC_World_Cup_Jakarta_2023,6 May - 7 May 2023,Women
36,AURELIA,SARISSON,FRA,8.99,,IFSC_World_Cup_Jakarta_2023,6 May - 7 May 2023,Women
37,NATSUMI,HAYASHI,JPN,9.16,,IFSC_World_Cup_Jakarta_2023,6 May - 7 May 2023,Women
38,ERICA,VELEV,CAN,9.35,,IFSC_World_Cup_Jakarta_2023,6 May - 7 May 2023,Women
39,KARIN,HAYASHI,JPN,9.42,,IFSC_World_Cup_Jakarta_2023,6 May - 7 May 2023,Women
40,NAWOO,CHOI,KOR,9.51,,IFSC_World_Cup_Jakarta_2023,6 May - 7 May 2023,Women
41,ABIGAIL,RUANO,ECU,9.92,,IFSC_World_Cup_Jakarta_2023,6 May - 7 May 2023,Women
42,SHIVPREET,PANNU,IND,9.94,,IFSC_World_Cup_Jakarta_2023,6 May - 7 May 2023,Women
43,PUJA,LESTARI,INA,10.56,,IFSC_World_Cup_Jakarta_2023,6 May - 7 May 2023,Women
44,GRACE,CROWLEY,AUS,10.75,,IFSC_World_Cup_Jakarta_2023,6 May - 7 May 2023,Women
45,MI,YANG,CHN,10.99,,IFSC_World_Cup_Jakarta_2023,6 May - 7 May 2023,Women
46,CALLIE,CLOSE,USA,fall,,IFSC_World_Cup_Jakarta_2023,6 May - 7 May 2023,Women
47,EKA,DIAN KRISMAWATI,INA,false start,,IFSC_World_Cup_Jakarta_2023,6 May - 7 May 2023,Women
1,VEDDRIQ,LEONARDO,INA,5.08,4.95,IFSC_World_Cup_Salt_Lake_City_2023,19 May - 21 May 2023,Men
2,PENG,WU,CHN,5.38,6.99,IFSC_World_Cup_Salt_Lake_City_2023,19 May - 21 May 2023,Men
3,KIROMAL,KATIBIN,INA,5.21,4.98,IFSC_World_Cup_Salt_Lake_City_2023,19 May - 21 May 2023,Men
4,SAMUEL,WATSON,USA,5.15,5.98,IFSC_World_Cup_Salt_Lake_City_2023,19 May - 21 May 2023,Men
5,JIANGUO,LONG,CHN,5.26,5.08,IFSC_World_Cup_Salt_Lake_City_2023,19 May - 21 May 2023,Men
6,BASSA,MAWEM,FRA,5.36,5.30,IFSC_World_Cup_Salt_Lake_City_2023,19 May - 21 May 2023,Men
7,JINBAO,LONG,CHN,5.42,7.00 (5.42),IFSC_World_Cup_Salt_Lake_City_2023,19 May - 21 May 2023,Men
8,PIERRE,REBREYEND,FRA,5.47,5.57 (5.47),IFSC_World_Cup_Salt_Lake_City_2023,19 May - 21 May 2023,Men
9,RAHMAD,ADI MULYONO,INA,5.14,false start (5.14),IFSC_World_Cup_Salt_Lake_City_2023,19 May - 21 May 2023,Men
10,LUDOVICO,FOSSALI,ITA,5.463,5.20 (er),IFSC_World_Cup_Salt_Lake_City_2023,19 May - 21 May 2023,Men
11,ASPAR,ASPAR,INA,5.33,false start (5.33),IFSC_World_Cup_Salt_Lake_City_2023,19 May - 21 May 2023,Men
12,LIANG,ZHANG,CHN,5.353,fall (5.35),IFSC_World_Cup_Salt_Lake_City_2023,19 May - 21 May 2023,Men
13,MATTEO,ZURLONI,ITA,5.357,fall (5.35),IFSC_World_Cup_Salt_Lake_City_2023,19 May - 21 May 2023,Men
14,ALFIAN,MUHAMMAD FAJRI,INA,5.464,5.45,IFSC_World_Cup_Salt_Lake_City_2023,19 May - 21 May 2023,Men
15,XINSHANG,WANG,CHN,5.461,5.45,IFSC_World_Cup_Salt_Lake_City_2023,19 May - 21 May 2023,Men
16,JOHN,BROSLER,USA,5.48,8.49 (5.48),IFSC_World_Cup_Salt_Lake_City_2023,19 May - 21 May 2023,Men
17,RYO,OMASA,JPN,5.49,,IFSC_World_Cup_Salt_Lake_City_2023,19 May - 21 May 2023,Men
18,AMIR,MAIMURATOV,KAZ,5.50,,IFSC_World_Cup_Salt_Lake_City_2023,19 May - 21 May 2023,Men
19,YONGJUN,JUNG,KOR,5.56,,IFSC_World_Cup_Salt_Lake_City_2023,19 May - 21 May 2023,Men
20,MERRITT,ERNSBERGER,USA,5.57 (5.585),,IFSC_World_Cup_Salt_Lake_City_2023,19 May - 21 May 2023,Men
21,CARLOS,GRANJA,ECU,5.57 (5.645),,IFSC_World_Cup_Salt_Lake_City_2023,19 May - 21 May 2023,Men
22,GUILLAUME,MORO,FRA,5.58,,IFSC_World_Cup_Salt_Lake_City_2023,19 May - 21 May 2023,Men
23,MICHAEL,FINN-HENRY,CAN,5.59,,IFSC_World_Cup_Salt_Lake_City_2023,19 May - 21 May 2023,Men
24,ERIK,NOYA CARDONA,ESP,5.61 (5.703),,IFSC_World_Cup_Salt_Lake_City_2023,19 May - 21 May 2023,Men
25,KOSTIANTYN,PAVLENKO,UKR,5.61 (5.734),,IFSC_World_Cup_Salt_Lake_City_2023,19 May - 21 May 2023,Men
26,NOAH,BRATSCHI,USA,5.62,,IFSC_World_Cup_Salt_Lake_City_2023,19 May - 21 May 2023,Men
27,MINHUI,WANG,CHN,5.65,,IFSC_World_Cup_Salt_Lake_City_2023,19 May - 21 May 2023,Men
28,ISAAC,ESTEVEZ,ECU,5.676,,IFSC_World_Cup_Salt_Lake_City_2023,19 May - 21 May 2023,Men
29,MARCIN,DZIENSKI,POL,5.677,,IFSC_World_Cup_Salt_Lake_City_2023,19 May - 21 May 2023,Men
30,ALESSANDRO,BOULOS,ITA,5.76,,IFSC_World_Cup_Salt_Lake_City_2023,19 May - 21 May 2023,Men
31,RICHARD,LI,USA,5.78,,IFSC_World_Cup_Salt_Lake_City_2023,19 May - 21 May 2023,Men
32,LUKAS,KNAPP,AUT,5.79,,IFSC_World_Cup_Salt_Lake_City_2023,19 May - 21 May 2023,Men
33,ZAINAL,ARIPIN,INA,5.81,,IFSC_World_Cup_Salt_Lake_City_2023,19 May - 21 May 2023,Men
34,YONGSU,LEE,KOR,5.82,,IFSC_World_Cup_Salt_Lake_City_2023,19 May - 21 May 2023,Men
35,YAROSLAV,TKACH,UKR,5.83,,IFSC_World_Cup_Salt_Lake_City_2023,19 May - 21 May 2023,Men
36,KEVIN,AMON,AUT,5.902,,IFSC_World_Cup_Salt_Lake_City_2023,19 May - 21 May 2023,Men
37,KAZUKI,TANII,JPN,5.905,,IFSC_World_Cup_Salt_Lake_City_2023,19 May - 21 May 2023,Men
38,TOBIAS,PLANGGER,AUT,5.98,,IFSC_World_Cup_Salt_Lake_City_2023,19 May - 21 May 2023,Men
39,RAFE,STOKES,GBR,5.99,,IFSC_World_Cup_Salt_Lake_City_2023,19 May - 21 May 2023,Men
40,JUN,YASUKAWA,JPN,6.011,,IFSC_World_Cup_Salt_Lake_City_2023,19 May - 21 May 2023,Men
41,YUDAI,IKEDA,JPN,6.012,,IFSC_World_Cup_Salt_Lake_City_2023,19 May - 21 May 2023,Men
42,MINSU,KANG,KOR,6.080,,IFSC_World_Cup_Salt_Lake_City_2023,19 May - 21 May 2023,Men
43,MARIUS,PAYET GABORIAUD,FRA,6.084,,IFSC_World_Cup_Salt_Lake_City_2023,19 May - 21 May 2023,Men
44,JAN,KRIZ,CZE,6.14,,IFSC_World_Cup_Salt_Lake_City_2023,19 May - 21 May 2023,Men
45,ETHAN,PITCHER,CAN,6.20,,IFSC_World_Cup_Salt_Lake_City_2023,19 May - 21 May 2023,Men
46,DYLAN,LE,CAN,6.22,,IFSC_World_Cup_Salt_Lake_City_2023,19 May - 21 May 2023,Men
47,ALISHER,MURAT,KAZ,6.27,,IFSC_World_Cup_Salt_Lake_City_2023,19 May - 21 May 2023,Men
48,EUNCHEOL,SHIN,KOR,6.28,,IFSC_World_Cup_Salt_Lake_City_2023,19 May - 21 May 2023,Men
49,GABRIEL,CANCEL,ECU,6.30,,IFSC_World_Cup_Salt_Lake_City_2023,19 May - 21 May 2023,Men
50,JOSHUA,BRUYNS,RSA,6.41 (afr),,IFSC_World_Cup_Salt_Lake_City_2023,19 May - 21 May 2023,Men
51,DARREN,SKOLNIK,USA,6.48,,IFSC_World_Cup_Salt_Lake_City_2023,19 May - 21 May 2023,Men
52,QUINN,O'FRANCIA,USA,6.62,,IFSC_World_Cup_Salt_Lake_City_2023,19 May - 21 May 2023,Men
53,ARDCH,INTRACHUPONGSE,THA,6.83,,IFSC_World_Cup_Salt_Lake_City_2023,19 May - 21 May 2023,Men
54,EVAN,HOMAN,USA,6.95,,IFSC_World_Cup_Salt_Lake_City_2023,19 May - 21 May 2023,Men
55,JACK,WHITNEY,CAN,7.10,,IFSC_World_Cup_Salt_Lake_City_2023,19 May - 21 May 2023,Men
56,AIDAN,GODDARD,USA,7.39,,IFSC_World_Cup_Salt_Lake_City_2023,19 May - 21 May 2023,Men
57,GINTA,UEGAKI,JPN,7.53,,IFSC_World_Cup_Salt_Lake_City_2023,19 May - 21 May 2023,Men
58,ANDRÉS,ALENCASTER,MEX,7.78,,IFSC_World_Cup_Salt_Lake_City_2023,19 May - 21 May 2023,Men
59,JOEY,KIM,USA,7.79,,IFSC_World_Cup_Salt_Lake_City_2023,19 May - 21 May 2023,Men
60,ZACH,HAMMER,USA,7.93,,IFSC_World_Cup_Salt_Lake_City_2023,19 May - 21 May 2023,Men
61,SEBASTIAN,LUCKE,GER,8.01,,IFSC_World_Cup_Salt_Lake_City_2023,19 May - 21 May 2023,Men
62,SEUNGBEOM,LEE,KOR,fall,,IFSC_World_Cup_Salt_Lake_City_2023,19 May - 21 May 2023,Men
63,GIGA,JANKHOTELI,GEO,false start,,IFSC_World_Cup_Salt_Lake_City_2023,19 May - 21 May 2023,Men
63,GIORGI,JAPARIDZE,GEO,false start,,IFSC_World_Cup_Salt_Lake_City_2023,19 May - 21 May 2023,Men
,GIAN LUCA,ZODDA,ITA,dns,,IFSC_World_Cup_Salt_Lake_City_2023,19 May - 21 May 2023,Men
1,ALEKSANDRA,MIROSLAW,POL,6.42,6.43,IFSC_World_Cup_Salt_Lake_City_2023,19 May - 21 May 2023,Women
2,DESAK,MADE RITA KUSUMA DEWI,INA,6.86,6.82,IFSC_World_Cup_Salt_Lake_City_2023,19 May - 21 May 2023,Women
3,LIJUAN,DENG,CHN,6.88,6.77,IFSC_World_Cup_Salt_Lake_City_2023,19 May - 21 May 2023,Women
4,RAJIAH,SALLSABILLAH,INA,7.05,6.98,IFSC_World_Cup_Salt_Lake_City_2023,19 May - 21 May 2023,Women
5,NATALIA,KALUCKA,POL,6.95,6.78,IFSC_World_Cup_Salt_Lake_City_2023,19 May - 21 May 2023,Women
6,EMMA,HUNT,USA,6.90,7.80 (6.909),IFSC_World_Cup_Salt_Lake_City_2023,19 May - 21 May 2023,Women
7,NURUL,IQAMAH,INA,7.35,7.54 (7.297),IFSC_World_Cup_Salt_Lake_City_2023,19 May - 21 May 2023,Women
8,MANON,LEBON,FRA,7.68,7.39,IFSC_World_Cup_Salt_Lake_City_2023,19 May - 21 May 2023,Women
9,ALEKSANDRA,KALUCKA,POL,6.84,8.08 (6.840),IFSC_World_Cup_Salt_Lake_City_2023,19 May - 21 May 2023,Women
10,JIMIN,JEONG,KOR,7.41,7.05 (7.50),IFSC_World_Cup_Salt_Lake_City_2023,19 May - 21 May 2023,Women
11,DI,NIU,CHN,7.13,8.08 (7.132),IFSC_World_Cup_Salt_Lake_City_2023,19 May - 21 May 2023,Women
12,GIULIA,RANDI,ITA,7.527,7.35,IFSC_World_Cup_Salt_Lake_City_2023,19 May - 21 May 2023,Women
13,PATRYCJA,CHUDZIAK,POL,7.37,7.36,IFSC_World_Cup_Salt_Lake_City_2023,19 May - 21 May 2023,Women
14,CAPUCINE,VIGLIONE,FRA,7.50,7.56 (7.500),IFSC_World_Cup_Salt_Lake_City_2023,19 May - 21 May 2023,Women
15,BEATRICE,COLLI,ITA,7.528,fall (7.528),IFSC_World_Cup_Salt_Lake_City_2023,19 May - 21 May 2023,Women
16,FRANZISKA,RITTER,GER,7.75,7.67,IFSC_World_Cup_Salt_Lake_City_2023,19 May - 21 May 2023,Women
17,ANDREA,ROJAS,ECU,7.861,,IFSC_World_Cup_Salt_Lake_City_2023,19 May - 21 May 2023,Women
18,LISON,GAUTRON,FRA,7.868,,IFSC_World_Cup_Salt_Lake_City_2023,19 May - 21 May 2023,Women
19,SHENGYAN,WANG,CHN,7.89,,IFSC_World_Cup_Salt_Lake_City_2023,19 May - 21 May 2023,Women
20,VICTOIRE,ANDRIER,FRA,7.94,,IFSC_World_Cup_Salt_Lake_City_2023,19 May - 21 May 2023,Women
21,KARIN,HAYASHI,JPN,8.00,,IFSC_World_Cup_Salt_Lake_City_2023,19 May - 21 May 2023,Women
22,PIPER,KELLY,USA,8.15,,IFSC_World_Cup_Salt_Lake_City_2023,19 May - 21 May 2023,Women
23,HEEJU,NOH,KOR,8.19,,IFSC_World_Cup_Salt_Lake_City_2023,19 May - 21 May 2023,Women
24,LIBERTY,RUNNELS,USA,8.25,,IFSC_World_Cup_Salt_Lake_City_2023,19 May - 21 May 2023,Women
25,FUMIKA,KAWAKAMI,JPN,8.28,,IFSC_World_Cup_Salt_Lake_City_2023,19 May - 21 May 2023,Women
26,SHAOQIN,ZHANG,CHN,8.29,,IFSC_World_Cup_Salt_Lake_City_2023,19 May - 21 May 2023,Women
27,SOPHIA,CURCIO,USA,8.40,,IFSC_World_Cup_Salt_Lake_City_2023,19 May - 21 May 2023,Women
28,NATSUMI,HAYASHI,JPN,8.46,,IFSC_World_Cup_Salt_Lake_City_2023,19 May - 21 May 2023,Women
29,HARUKA,KANETANI,JPN,8.60,,IFSC_World_Cup_Salt_Lake_City_2023,19 May - 21 May 2023,Women
30,ERICA,VELEV,CAN,8.61,,IFSC_World_Cup_Salt_Lake_City_2023,19 May - 21 May 2023,Women
31,ISIS,ROTHFORK,USA,8.67,,IFSC_World_Cup_Salt_Lake_City_2023,19 May - 21 May 2023,Women
32,ANNA,BROZEK,POL,8.69,,IFSC_World_Cup_Salt_Lake_City_2023,19 May - 21 May 2023,Women
33,CALLIE,CLOSE,USA,8.81,,IFSC_World_Cup_Salt_Lake_City_2023,19 May - 21 May 2023,Women
34,TAMARA,ULZHABAYEVA,KAZ,8.82,,IFSC_World_Cup_Salt_Lake_City_2023,19 May - 21 May 2023,Women
35,VALERIA,MACIAS FERREIRA,MEX,8.84,,IFSC_World_Cup_Salt_Lake_City_2023,19 May - 21 May 2023,Women
36,MI,YANG,CHN,9.03,,IFSC_World_Cup_Salt_Lake_City_2023,19 May - 21 May 2023,Women
37,ABIGAIL,RUANO,ECU,9.46,,IFSC_World_Cup_Salt_Lake_City_2023,19 May - 21 May 2023,Women
38,KAILER,KORDEWICK,USA,9.59,,IFSC_World_Cup_Salt_Lake_City_2023,19 May - 21 May 2023,Women
39,NAWOO,CHOI,KOR,9.68,,IFSC_World_Cup_Salt_Lake_City_2023,19 May - 21 May 2023,Women
40,ARANTZA,FERNÁNDEZ GUTIERREZ,MEX,9.93,,IFSC_World_Cup_Salt_Lake_City_2023,19 May - 21 May 2023,Women
41,SYDNEY,WILLIAMS,USA,9.97,,IFSC_World_Cup_Salt_Lake_City_2023,19 May - 21 May 2023,Women
42,MADELINE,MORRIS,USA,9.99,,IFSC_World_Cup_Salt_Lake_City_2023,19 May - 21 May 2023,Women
43,MICAELA,PATAJO,USA,10.03,,IFSC_World_Cup_Salt_Lake_City_2023,19 May - 21 May 2023,Women
44,GRACE,CROWLEY,AUS,10.53,,IFSC_World_Cup_Salt_Lake_City_2023,19 May - 21 May 2023,Women
45,SHIVPREET,PANNU,IND,10.60,,IFSC_World_Cup_Salt_Lake_City_2023,19 May - 21 May 2023,Women
46,AURELIA,SARISSON,FRA,11.02,,IFSC_World_Cup_Salt_Lake_City_2023,19 May - 21 May 2023,Women
47,YUJU,MOU,CHN,fall,,IFSC_World_Cup_Salt_Lake_City_2023,19 May - 21 May 2023,Women
48,YAFEI,ZHOU,CHN,false start,,IFSC_World_Cup_Salt_Lake_City_2023,19 May - 21 May 2023,Women
1,JIANGUO,LONG,CHN,5.22,5.26,IFSC_World_Cup_Villars_2023,30 June - 2 July 2023,Men
2,LIANG,ZHANG,CHN,5.242,fall,IFSC_World_Cup_Villars_2023,30 June - 2 July 2023,Men
3,RYO,OMASA,JPN,5.298,5.30,IFSC_World_Cup_Villars_2023,30 June - 2 July 2023,Men
4,SAMUEL,WATSON,USA,5.20,fall,IFSC_World_Cup_Villars_2023,30 June - 2 July 2023,Men
5,VEDDRIQ,LEONARDO,INA,4.97,6.08 (4.97),IFSC_World_Cup_Villars_2023,30 June - 2 July 2023,Men
6,PENG,WU,CHN,5.17,5.09,IFSC_World_Cup_Villars_2023,30 June - 2 July 2023,Men
7,LONG,CAO,CHN,5.15,7.83 (5.15),IFSC_World_Cup_Villars_2023,30 June - 2 July 2023,Men
8,REZA,ALIPOUR SHENAZANDIFARD,IRI,5.23,9.06 (5.23),IFSC_World_Cup_Villars_2023,30 June - 2 July 2023,Men
9,RISHAT,KHAIBULLIN,KAZ,5.08,6.06 (5.08),IFSC_World_Cup_Villars_2023,30 June - 2 July 2023,Men
10,RAHMAD,ADI MULYONO,INA,5.26,5.09,IFSC_World_Cup_Villars_2023,30 June - 2 July 2023,Men
11,MATTEO,ZURLONI,ITA,5.245,5.58 (5.24),IFSC_World_Cup_Villars_2023,30 June - 2 July 2023,Men
12,JOHN,BROSLER,USA,5.25 (6.066),false start (5.25),IFSC_World_Cup_Villars_2023,30 June - 2 July 2023,Men
13,JINBAO,LONG,CHN,5.25 (fall),fall (5.25),IFSC_World_Cup_Villars_2023,30 June - 2 July 2023,Men
14,JUN,YASUKAWA,JPN,5.28,8.61 (5.28),IFSC_World_Cup_Villars_2023,30 June - 2 July 2023,Men
15,XINSHANG,WANG,CHN,5.290,fall (5.29),IFSC_World_Cup_Villars_2023,30 June - 2 July 2023,Men
16,ERIK,NOYA CARDONA,ESP,5.30,false start (5.30),IFSC_World_Cup_Villars_2023,30 June - 2 July 2023,Men
17,LEANDER,CARMANNS,GER,5.31,,IFSC_World_Cup_Villars_2023,30 June - 2 July 2023,Men
18,SEBASTIAN,LUCKE,GER,5.34,,IFSC_World_Cup_Villars_2023,30 June - 2 July 2023,Men
19,GUILLAUME,MORO,FRA,5.37,,IFSC_World_Cup_Villars_2023,30 June - 2 July 2023,Men
20,ASPAR,ASPAR,INA,5.383,,IFSC_World_Cup_Villars_2023,30 June - 2 July 2023,Men
21,EUNCHEOL,SHIN,KOR,5.388,,IFSC_World_Cup_Villars_2023,30 June - 2 July 2023,Men
22,LUDOVICO,FOSSALI,ITA,5.420,,IFSC_World_Cup_Villars_2023,30 June - 2 July 2023,Men
23,ALFIAN,MUHAMMAD FAJRI,INA,5.422,,IFSC_World_Cup_Villars_2023,30 June - 2 July 2023,Men
24,BASSA,MAWEM,FRA,5.435,,IFSC_World_Cup_Villars_2023,30 June - 2 July 2023,Men
25,ZAINAL,ARIPIN,INA,5.439,,IFSC_World_Cup_Villars_2023,30 June - 2 July 2023,Men
26,YAROSLAV,TKACH,UKR,5.47,,IFSC_World_Cup_Villars_2023,30 June - 2 July 2023,Men
27,KIROMAL,KATIBIN,INA,5.48,,IFSC_World_Cup_Villars_2023,30 June - 2 July 2023,Men
28,MARCIN,DZIENSKI,POL,5.49,,IFSC_World_Cup_Villars_2023,30 June - 2 July 2023,Men
29,MINHUI,WANG,CHN,5.51,,IFSC_World_Cup_Villars_2023,30 June - 2 July 2023,Men
30,ETHAN,PITCHER,CAN,5.522,,IFSC_World_Cup_Villars_2023,30 June - 2 July 2023,Men
31,CARLOS,GRANJA,ECU,5.528,,IFSC_World_Cup_Villars_2023,30 June - 2 July 2023,Men
32,YONGJUN,JUNG,KOR,5.53,,IFSC_World_Cup_Villars_2023,30 June - 2 July 2023,Men
33,SHUTO,FUJINO,JPN,5.554,,IFSC_World_Cup_Villars_2023,30 June - 2 July 2023,Men
34,PIERRE,REBREYEND,FRA,5.555,,IFSC_World_Cup_Villars_2023,30 June - 2 July 2023,Men
35,ISAAC,ESTEVEZ,ECU,5.558,,IFSC_World_Cup_Villars_2023,30 June - 2 July 2023,Men
36,LUCA,ROBBIATI,ITA,5.56,,IFSC_World_Cup_Villars_2023,30 June - 2 July 2023,Men
37,KOSTIANTYN,PAVLENKO,UKR,5.57,,IFSC_World_Cup_Villars_2023,30 June - 2 July 2023,Men
38,NOAH,BRATSCHI,USA,5.63,,IFSC_World_Cup_Villars_2023,30 June - 2 July 2023,Men
39,GIAN LUCA,ZODDA,ITA,5.65,,IFSC_World_Cup_Villars_2023,30 June - 2 July 2023,Men
40,KEVIN,AMON,AUT,5.71,,IFSC_World_Cup_Villars_2023,30 June - 2 July 2023,Men
41,MARCEAU,GARNIER,FRA,5.78,,IFSC_World_Cup_Villars_2023,30 June - 2 July 2023,Men
42,LINUS,BADER,GER,5.80,,IFSC_World_Cup_Villars_2023,30 June - 2 July 2023,Men
43,JULIAN,DAVID,NZL,5.83 (ocr),,IFSC_World_Cup_Villars_2023,30 June - 2 July 2023,Men
44,RAFE,STOKES,GBR,5.843,,IFSC_World_Cup_Villars_2023,30 June - 2 July 2023,Men
45,MINSU,KANG,KOR,5.848,,IFSC_World_Cup_Villars_2023,30 June - 2 July 2023,Men
46,MICHAEL,FINN-HENRY,CAN,5.88,,IFSC_World_Cup_Villars_2023,30 June - 2 July 2023,Men
47,TOBIAS,PLANGGER,AUT,5.94,,IFSC_World_Cup_Villars_2023,30 June - 2 July 2023,Men
48,GUSTAVO JOSE,PEREZ,VEN,5.96,,IFSC_World_Cup_Villars_2023,30 June - 2 July 2023,Men
49,MIKOLAJ,WROBLEWSKI,POL,6.00,,IFSC_World_Cup_Villars_2023,30 June - 2 July 2023,Men
50,LUKAS,KNAPP,AUT,6.01,,IFSC_World_Cup_Villars_2023,30 June - 2 July 2023,Men
51,YONGSU,LEE,KOR,6.02,,IFSC_World_Cup_Villars_2023,30 June - 2 July 2023,Men
52,SHO,TAKENAKA,JPN,6.126,,IFSC_World_Cup_Villars_2023,30 June - 2 July 2023,Men
53,RAHARJATI,NURSAMSA,INA,6.129,,IFSC_World_Cup_Villars_2023,30 June - 2 July 2023,Men
54,DORIAN,ZEDLER,GER,6.16,,IFSC_World_Cup_Villars_2023,30 June - 2 July 2023,Men
55,LAWRENCE,BOGESCHDORFER,AUT,6.24,,IFSC_World_Cup_Villars_2023,30 June - 2 July 2023,Men
56,QUINN,O'FRANCIA,USA,6.26,,IFSC_World_Cup_Villars_2023,30 June - 2 July 2023,Men
57,CHEUNG-CHI SHOJI,CHAN,HKG,6.31,,IFSC_World_Cup_Villars_2023,30 June - 2 July 2023,Men
58,ALISHER,MURAT,KAZ,6.39,,IFSC_World_Cup_Villars_2023,30 June - 2 July 2023,Men
59,MATTHEW,FALL,GBR,6.41,,IFSC_World_Cup_Villars_2023,30 June - 2 July 2023,Men
60,MATVEY,YESSIPOV,KAZ,6.425,,IFSC_World_Cup_Villars_2023,30 June - 2 July 2023,Men
61,JOEY,KIM,USA,6.427,,IFSC_World_Cup_Villars_2023,30 June - 2 July 2023,Men
62,TOMAS,CHICAIZA DAVILA,ECU,6.48,,IFSC_World_Cup_Villars_2023,30 June - 2 July 2023,Men
63,CHI-FUNG,AU,HKG,6.665,,IFSC_World_Cup_Villars_2023,30 June - 2 July 2023,Men
64,ZACH,HAMMER,USA,6.666,,IFSC_World_Cup_Villars_2023,30 June - 2 July 2023,Men
65,JOSE TOMAS,LEDESMA,CHI,6.74,,IFSC_World_Cup_Villars_2023,30 June - 2 July 2023,Men
66,MOTONORI,TABUCHI,JPN,6.79,,IFSC_World_Cup_Villars_2023,30 June - 2 July 2023,Men
67,JAN,KRIZ,CZE,7.00,,IFSC_World_Cup_Villars_2023,30 June - 2 July 2023,Men
68,VALENTIN,STERNIK,ARG,7.06,,IFSC_World_Cup_Villars_2023,30 June - 2 July 2023,Men
69,CHAD,HORTON,AUS,7.43,,IFSC_World_Cup_Villars_2023,30 June - 2 July 2023,Men
70,PEDRO,EGG,BRA,8.08,,IFSC_World_Cup_Villars_2023,30 June - 2 July 2023,Men
71,JOSHUA,BRUYNS,RSA,8.25,,IFSC_World_Cup_Villars_2023,30 June - 2 July 2023,Men
72,DARREN,SKOLNIK,USA,10.09,,IFSC_World_Cup_Villars_2023,30 June - 2 July 2023,Men
73,FLYNN,CHISHOLM,NZL,10.84,,IFSC_World_Cup_Villars_2023,30 June - 2 July 2023,Men
74,JONGBIN,CHOI,KOR,fall,,IFSC_World_Cup_Villars_2023,30 June - 2 July 2023,Men
75,AMIR,MAIMURATOV,KAZ,false start,,IFSC_World_Cup_Villars_2023,30 June - 2 July 2023,Men
75,DEEPU,MALLESH,IND,false start,,IFSC_World_Cup_Villars_2023,30 June - 2 July 2023,Men
75,AODHAN,UMLAUF,GER,false start,,IFSC_World_Cup_Villars_2023,30 June - 2 July 2023,Men
,DANIEL ALEJANDRO,MERINO ORDÓÑEZ,HON,dns,,IFSC_World_Cup_Villars_2023,30 June - 2 July 2023,Men
1,NATALIA,KALUCKA,POL,6.55,6.55,IFSC_World_Cup_Villars_2023,30 June - 2 July 2023,Women
2,EMMA,HUNT,USA,6.68 (par),8.37,IFSC_World_Cup_Villars_2023,30 June - 2 July 2023,Women
3,LIJUAN,DENG,CHN,6.84,6.49,IFSC_World_Cup_Villars_2023,30 June - 2 July 2023,Women
4,BEATRICE,COLLI,ITA,7.30,7.10,IFSC_World_Cup_Villars_2023,30 June - 2 July 2023,Women
5,DESAK,MADE RITA KUSUMA DEWI,INA,6.92,6.89 (6.88),IFSC_World_Cup_Villars_2023,30 June - 2 July 2023,Women
6,RAJIAH,SALLSABILLAH,INA,7.13,6.90,IFSC_World_Cup_Villars_2023,30 June - 2 July 2023,Women
7,SHENGYAN,WANG,CHN,7.06,7.12 (7.06),IFSC_World_Cup_Villars_2023,30 June - 2 July 2023,Women
8,NURUL,IQAMAH,INA,7.24,7.31 (7.24),IFSC_World_Cup_Villars_2023,30 June - 2 July 2023,Women
9,ALEKSANDRA,KALUCKA,POL,6.82,8.25 (6.82),IFSC_World_Cup_Villars_2023,30 June - 2 July 2023,Women
10,DI,NIU,CHN,7.09,8.16 (7.09),IFSC_World_Cup_Villars_2023,30 June - 2 July 2023,Women
11,CAPUCINE,VIGLIONE,FRA,7.17,7.23 (7.17),IFSC_World_Cup_Villars_2023,30 June - 2 July 2023,Women
12,SHAOQIN,ZHANG,CHN,7.26,fall (7.26),IFSC_World_Cup_Villars_2023,30 June - 2 July 2023,Women
13,MANON,LEBON,FRA,7.27,7.32 (7.27),IFSC_World_Cup_Villars_2023,30 June - 2 July 2023,Women
14,JIMIN,JEONG,KOR,7.28,9.26 (7.28),IFSC_World_Cup_Villars_2023,30 June - 2 July 2023,Women
15,YAFEI,ZHOU,CHN,7.32,7.63 (7.32),IFSC_World_Cup_Villars_2023,30 June - 2 July 2023,Women
16,VICTOIRE,ANDRIER,FRA,7.36,9.05 (7.36),IFSC_World_Cup_Villars_2023,30 June - 2 July 2023,Women
17,YUJU,MOU,CHN,7.41,,IFSC_World_Cup_Villars_2023,30 June - 2 July 2023,Women
18,PATRYCJA,CHUDZIAK,POL,7.43,,IFSC_World_Cup_Villars_2023,30 June - 2 July 2023,Women
19,MI,YANG,CHN,7.61,,IFSC_World_Cup_Villars_2023,30 June - 2 July 2023,Women
20,LISON,GAUTRON,FRA,7.62,,IFSC_World_Cup_Villars_2023,30 June - 2 July 2023,Women
21,CARLA,MARTÍNEZ VIDAL,ESP,7.67,,IFSC_World_Cup_Villars_2023,30 June - 2 July 2023,Women
22,ANNA,BROZEK,POL,7.72 (7.782),,IFSC_World_Cup_Villars_2023,30 June - 2 July 2023,Women
23,LESLIE ADRIANA,ROMERO PÉREZ,ESP,7.72 (fall),,IFSC_World_Cup_Villars_2023,30 June - 2 July 2023,Women
24,SOFIA,BELLESINI,ITA,7.76,,IFSC_World_Cup_Villars_2023,30 June - 2 July 2023,Women
25,GIULIA,RANDI,ITA,7.80,,IFSC_World_Cup_Villars_2023,30 June - 2 July 2023,Women
26,AI,TAKEUCHI,JPN,7.87,,IFSC_World_Cup_Villars_2023,30 June - 2 July 2023,Women
27,PIPER,KELLY,USA,7.95,,IFSC_World_Cup_Villars_2023,30 June - 2 July 2023,Women
28,AURELIA,SARISSON,FRA,8.001,,IFSC_World_Cup_Villars_2023,30 June - 2 July 2023,Women
29,SOPHIA,CURCIO,USA,8.006,,IFSC_World_Cup_Villars_2023,30 June - 2 July 2023,Women
30,AGNESE,FIORIO,ITA,8.13,,IFSC_World_Cup_Villars_2023,30 June - 2 July 2023,Women
31,HANAREUM,SUNG,KOR,8.19,,IFSC_World_Cup_Villars_2023,30 June - 2 July 2023,Women
32,TAMARA,ULZHABAYEVA,KAZ,8.24,,IFSC_World_Cup_Villars_2023,30 June - 2 July 2023,Women
33,FUMIKA,KAWAKAMI,JPN,8.31,,IFSC_World_Cup_Villars_2023,30 June - 2 July 2023,Women
34,ISIS,ROTHFORK,USA,8.39,,IFSC_World_Cup_Villars_2023,30 June - 2 July 2023,Women
35,ASSEL,MARLENOVA,KAZ,8.49,,IFSC_World_Cup_Villars_2023,30 June - 2 July 2023,Women
36,ANDREA,ROJAS,ECU,8.50,,IFSC_World_Cup_Villars_2023,30 June - 2 July 2023,Women
37,ERICA,VELEV,CAN,8.514,,IFSC_World_Cup_Villars_2023,30 June - 2 July 2023,Women
38,NELE,THOMAS,GER,8.519,,IFSC_World_Cup_Villars_2023,30 June - 2 July 2023,Women
39,CALLIE,CLOSE,USA,8.68,,IFSC_World_Cup_Villars_2023,30 June - 2 July 2023,Women
40,MAHYA,DARABIAN,IRI,8.74,,IFSC_World_Cup_Villars_2023,30 June - 2 July 2023,Women
41,KARIN,HAYASHI,JPN,8.84,,IFSC_World_Cup_Villars_2023,30 June - 2 July 2023,Women
42,NAWOO,CHOI,KOR,8.89,,IFSC_World_Cup_Villars_2023,30 June - 2 July 2023,Women
43,VALERIA,MACIAS FERREIRA,MEX,8.95,,IFSC_World_Cup_Villars_2023,30 June - 2 July 2023,Women
44,NATSUMI,HAYASHI,JPN,9.01,,IFSC_World_Cup_Villars_2023,30 June - 2 July 2023,Women
45,SARAH,TETZLAFF,NZL,9.29,,IFSC_World_Cup_Villars_2023,30 June - 2 July 2023,Women
46,ABBY,GEBERT,NZL,9.84,,IFSC_World_Cup_Villars_2023,30 June - 2 July 2023,Women
47,ABIGAIL,RUANO,ECU,9.94,,IFSC_World_Cup_Villars_2023,30 June - 2 July 2023,Women
48,ANNA,BALARSHINA,KAZ,10.11,,IFSC_World_Cup_Villars_2023,30 June - 2 July 2023,Women
49,SHIVPREET,PANNU,IND,10.21,,IFSC_World_Cup_Villars_2023,30 June - 2 July 2023,Women
50,CARMEN,CONTRERAS,CHI,11.23,,IFSC_World_Cup_Villars_2023,30 June - 2 July 2023,Women
51,MARÍA FERNANDA,HIDALGO AMEZQUITA,MEX,12.10,,IFSC_World_Cup_Villars_2023,30 June - 2 July 2023,Women
52,GRACE,CROWLEY,AUS,12.39,,IFSC_World_Cup_Villars_2023,30 June - 2 July 2023,Women
53,TEGWEN,OATES,RSA,16.62,,IFSC_World_Cup_Villars_2023,30 June - 2 July 2023,Women
54,ANAHÍ,RIVEROS,CHI,false start,,IFSC_World_Cup_Villars_2023,30 June - 2 July 2023,Women
,IRIS PAMELA,DURON ANTONIO,HON,dns,,IFSC_World_Cup_Villars_2023,30 June - 2 July 2023,Women
1,RAHMAD,ADI MULYONO,INA,5.17,5.01,IFSC_World_Cup_Chamonix_2023,7 July - 9 July 2023,Men
2,RISHAT,KHAIBULLIN,KAZ,5.05,5.05,IFSC_World_Cup_Chamonix_2023,7 July - 9 July 2023,Men
3,RAHARJATI,NURSAMSA,INA,5.04,5.323,IFSC_World_Cup_Chamonix_2023,7 July - 9 July 2023,Men
4,JUN,YASUKAWA,JPN,5.27,5.324,IFSC_World_Cup_Chamonix_2023,7 July - 9 July 2023,Men
5,JOHN,BROSLER,USA,5.232,6.84 (5.15),IFSC_World_Cup_Chamonix_2023,7 July - 9 July 2023,Men
6,LUDOVICO,FOSSALI,ITA,5.180,6.52 (5.18),IFSC_World_Cup_Chamonix_2023,7 July - 9 July 2023,Men
7,PENG,WU,CHN,5.230,6.56 (5.23),IFSC_World_Cup_Chamonix_2023,7 July - 9 July 2023,Men
8,JINBAO,LONG,CHN,5.26,6.61 (5.26),IFSC_World_Cup_Chamonix_2023,7 July - 9 July 2023,Men
9,VEDDRIQ,LEONARDO,INA,4.98,false start (4.98),IFSC_World_Cup_Chamonix_2023,7 July - 9 July 2023,Men
10,SAMUEL,WATSON,USA,5.03,6.60 (5.03),IFSC_World_Cup_Chamonix_2023,7 July - 9 July 2023,Men
11,JIANGUO,LONG,CHN,5.06,5.17 (5.06),IFSC_World_Cup_Chamonix_2023,7 July - 9 July 2023,Men
12,MATTEO,ZURLONI,ITA,5.14 (er),fall (5.14),IFSC_World_Cup_Chamonix_2023,7 July - 9 July 2023,Men
13,PIERRE,REBREYEND,FRA,5.181,fall (5.18),IFSC_World_Cup_Chamonix_2023,7 July - 9 July 2023,Men
14,ASPAR,ASPAR,INA,5.19,6.72 (5.19),IFSC_World_Cup_Chamonix_2023,7 July - 9 July 2023,Men
15,EUNCHEOL,SHIN,KOR,5.235,9.22 (5.23),IFSC_World_Cup_Chamonix_2023,7 July - 9 July 2023,Men
16,ALFIAN,MUHAMMAD FAJRI,INA,5.24,5.37 (5.24),IFSC_World_Cup_Chamonix_2023,7 July - 9 July 2023,Men
17,ERIK,NOYA CARDONA,ESP,5.28,,IFSC_World_Cup_Chamonix_2023,7 July - 9 July 2023,Men
18,REZA,ALIPOUR SHENAZANDIFARD,IRI,5.33,,IFSC_World_Cup_Chamonix_2023,7 July - 9 July 2023,Men
19,ZAINAL,ARIPIN,INA,5.340,,IFSC_World_Cup_Chamonix_2023,7 July - 9 July 2023,Men
20,LEANDER,CARMANNS,GER,5.344,,IFSC_World_Cup_Chamonix_2023,7 July - 9 July 2023,Men
21,KEVIN,AMON,AUT,5.361,,IFSC_World_Cup_Chamonix_2023,7 July - 9 July 2023,Men
22,BASSA,MAWEM,FRA,5.362,,IFSC_World_Cup_Chamonix_2023,7 July - 9 July 2023,Men
23,KOSTIANTYN,PAVLENKO,UKR,5.366,,IFSC_World_Cup_Chamonix_2023,7 July - 9 July 2023,Men
24,XINSHANG,WANG,CHN,5.40,,IFSC_World_Cup_Chamonix_2023,7 July - 9 July 2023,Men
25,YAROSLAV,TKACH,UKR,5.43,,IFSC_World_Cup_Chamonix_2023,7 July - 9 July 2023,Men
26,RYO,OMASA,JPN,5.45,,IFSC_World_Cup_Chamonix_2023,7 July - 9 July 2023,Men
27,GIAN LUCA,ZODDA,ITA,5.485,,IFSC_World_Cup_Chamonix_2023,7 July - 9 July 2023,Men
28,ETHAN,PITCHER,CAN,5.487,,IFSC_World_Cup_Chamonix_2023,7 July - 9 July 2023,Men
29,YONGJUN,JUNG,KOR,5.50,,IFSC_World_Cup_Chamonix_2023,7 July - 9 July 2023,Men
30,LONG,CAO,CHN,5.52,,IFSC_World_Cup_Chamonix_2023,7 July - 9 July 2023,Men
31,CARLOS,GRANJA,ECU,5.56,,IFSC_World_Cup_Chamonix_2023,7 July - 9 July 2023,Men
32,LUKAS,KNAPP,AUT,5.59,,IFSC_World_Cup_Chamonix_2023,7 July - 9 July 2023,Men
33,YONGSU,LEE,KOR,5.62,,IFSC_World_Cup_Chamonix_2023,7 July - 9 July 2023,Men
34,LUCA,ROBBIATI,ITA,5.67,,IFSC_World_Cup_Chamonix_2023,7 July - 9 July 2023,Men
35,MOTONORI,TABUCHI,JPN,5.72,,IFSC_World_Cup_Chamonix_2023,7 July - 9 July 2023,Men
36,MARIUS,PAYET GABORIAUD,FRA,5.744,,IFSC_World_Cup_Chamonix_2023,7 July - 9 July 2023,Men
37,TOBIAS,PLANGGER,AUT,5.748,,IFSC_World_Cup_Chamonix_2023,7 July - 9 July 2023,Men
38,MINSU,KANG,KOR,5.75,,IFSC_World_Cup_Chamonix_2023,7 July - 9 July 2023,Men
39,JULIAN,DAVID,NZL,5.80 (ocr),,IFSC_World_Cup_Chamonix_2023,7 July - 9 July 2023,Men
40,SHO,TAKENAKA,JPN,5.84,,IFSC_World_Cup_Chamonix_2023,7 July - 9 July 2023,Men
41,LAWRENCE,BOGESCHDORFER,AUT,5.86,,IFSC_World_Cup_Chamonix_2023,7 July - 9 July 2023,Men
42,LINUS,BADER,GER,5.87,,IFSC_World_Cup_Chamonix_2023,7 July - 9 July 2023,Men
43,MARCEAU,GARNIER,FRA,5.90,,IFSC_World_Cup_Chamonix_2023,7 July - 9 July 2023,Men
44,DEEPU,MALLESH,IND,5.94,,IFSC_World_Cup_Chamonix_2023,7 July - 9 July 2023,Men
45,RAFE,STOKES,GBR,5.96,,IFSC_World_Cup_Chamonix_2023,7 July - 9 July 2023,Men
46,MIKOLAJ,WROBLEWSKI,POL,5.97,,IFSC_World_Cup_Chamonix_2023,7 July - 9 July 2023,Men
47,JOSHUA,BRUYNS,RSA,5.99 (afr),,IFSC_World_Cup_Chamonix_2023,7 July - 9 July 2023,Men
48,ALISHER,MURAT,KAZ,6.03,,IFSC_World_Cup_Chamonix_2023,7 July - 9 July 2023,Men
49,JONGBIN,CHOI,KOR,6.06,,IFSC_World_Cup_Chamonix_2023,7 July - 9 July 2023,Men
50,TOMAS,CHICAIZA DAVILA,ECU,6.13 (7.427),,IFSC_World_Cup_Chamonix_2023,7 July - 9 July 2023,Men
51,DORIAN,ZEDLER,GER,6.13 (7.941),,IFSC_World_Cup_Chamonix_2023,7 July - 9 July 2023,Men
52,JOSE TOMAS,LEDESMA,CHI,6.16,,IFSC_World_Cup_Chamonix_2023,7 July - 9 July 2023,Men
53,CHEUNG-CHI SHOJI,CHAN,HKG,6.20,,IFSC_World_Cup_Chamonix_2023,7 July - 9 July 2023,Men
54,GUILLAUME,MORO,FRA,6.21,,IFSC_World_Cup_Chamonix_2023,7 July - 9 July 2023,Men
55,MATVEY,YESSIPOV,KAZ,6.28,,IFSC_World_Cup_Chamonix_2023,7 July - 9 July 2023,Men
56,AIDAN,GODDARD,USA,6.33,,IFSC_World_Cup_Chamonix_2023,7 July - 9 July 2023,Men
57,MATTHEW,FALL,GBR,6.39,,IFSC_World_Cup_Chamonix_2023,7 July - 9 July 2023,Men
58,SHUTO,FUJINO,JPN,6.49,,IFSC_World_Cup_Chamonix_2023,7 July - 9 July 2023,Men
59,MINHUI,WANG,CHN,6.75,,IFSC_World_Cup_Chamonix_2023,7 July - 9 July 2023,Men
60,CHI-FUNG,AU,HKG,6.83,,IFSC_World_Cup_Chamonix_2023,7 July - 9 July 2023,Men
61,JAN,KRIZ,CZE,6.87,,IFSC_World_Cup_Chamonix_2023,7 July - 9 July 2023,Men
62,CHAD,HORTON,AUS,7.02,,IFSC_World_Cup_Chamonix_2023,7 July - 9 July 2023,Men
63,ZACH,HAMMER,USA,7.05,,IFSC_World_Cup_Chamonix_2023,7 July - 9 July 2023,Men
64,FLYNN,CHISHOLM,NZL,7.38,,IFSC_World_Cup_Chamonix_2023,7 July - 9 July 2023,Men
65,PEDRO,EGG,BRA,7.79,,IFSC_World_Cup_Chamonix_2023,7 July - 9 July 2023,Men
66,VALENTIN,STERNIK,ARG,8.52,,IFSC_World_Cup_Chamonix_2023,7 July - 9 July 2023,Men
67,AMIR,MAIMURATOV,KAZ,8.99,,IFSC_World_Cup_Chamonix_2023,7 July - 9 July 2023,Men
68,ISAAC,ESTEVEZ,ECU,fall,,IFSC_World_Cup_Chamonix_2023,7 July - 9 July 2023,Men
68,KIROMAL,KATIBIN,INA,fall,,IFSC_World_Cup_Chamonix_2023,7 July - 9 July 2023,Men
68,QUINN,O'FRANCIA,USA,fall,,IFSC_World_Cup_Chamonix_2023,7 July - 9 July 2023,Men
71,NOAH,BRATSCHI,USA,false start,,IFSC_World_Cup_Chamonix_2023,7 July - 9 July 2023,Men
71,MARCIN,DZIENSKI,POL,false start,,IFSC_World_Cup_Chamonix_2023,7 July - 9 July 2023,Men
71,MICHAEL,FINN-HENRY,CAN,false start,,IFSC_World_Cup_Chamonix_2023,7 July - 9 July 2023,Men
71,SEBASTIAN,LUCKE,GER,false start,,IFSC_World_Cup_Chamonix_2023,7 July - 9 July 2023,Men
71,GUSTAVO JOSE,PEREZ,VEN,false start,,IFSC_World_Cup_Chamonix_2023,7 July - 9 July 2023,Men
71,DARREN,SKOLNIK,USA,false start,,IFSC_World_Cup_Chamonix_2023,7 July - 9 July 2023,Men
71,LIANG,ZHANG,CHN,false start,,IFSC_World_Cup_Chamonix_2023,7 July - 9 July 2023,Men
1,RAJIAH,SALLSABILLAH,INA,6.96,6.97,IFSC_World_Cup_Chamonix_2023,7 July - 9 July 2023,Women
2,VICTOIRE,ANDRIER,FRA,7.375,9.59,IFSC_World_Cup_Chamonix_2023,7 July - 9 July 2023,Women
3,NURUL,IQAMAH,INA,7.14,7.16,IFSC_World_Cup_Chamonix_2023,7 July - 9 July 2023,Women
4,SHAOQIN,ZHANG,CHN,7.24,7.17,IFSC_World_Cup_Chamonix_2023,7 July - 9 July 2023,Women
5,NATALIA,KALUCKA,POL,6.72,fall (6.72),IFSC_World_Cup_Chamonix_2023,7 July - 9 July 2023,Women
6,ALEKSANDRA,KALUCKA,POL,6.77,11.34 (6.77),IFSC_World_Cup_Chamonix_2023,7 July - 9 July 2023,Women
7,EMMA,HUNT,USA,6.78,6.97 (6.78),IFSC_World_Cup_Chamonix_2023,7 July - 9 July 2023,Women
8,LISON,GAUTRON,FRA,7.26,12.33 (7.24),IFSC_World_Cup_Chamonix_2023,7 July - 9 July 2023,Women
9,DESAK,MADE RITA KUSUMA DEWI,INA,6.74,false start (6.74),IFSC_World_Cup_Chamonix_2023,7 July - 9 July 2023,Women
10,JIMIN,JEONG,KOR,7.33,7.03,IFSC_World_Cup_Chamonix_2023,7 July - 9 July 2023,Women
11,CAPUCINE,VIGLIONE,FRA,7.17,7.45 (7.17),IFSC_World_Cup_Chamonix_2023,7 July - 9 July 2023,Women
12,SHENGYAN,WANG,CHN,7.18,7.75 (7.18),IFSC_World_Cup_Chamonix_2023,7 July - 9 July 2023,Women
13,DI,NIU,CHN,7.34,7.19,IFSC_World_Cup_Chamonix_2023,7 July - 9 July 2023,Women
14,PATRYCJA,CHUDZIAK,POL,7.372,7.29,IFSC_World_Cup_Chamonix_2023,7 July - 9 July 2023,Women
15,LESLIE ADRIANA,ROMERO PÉREZ,ESP,7.30,9.43 (7.30),IFSC_World_Cup_Chamonix_2023,7 July - 9 July 2023,Women
16,GIULIA,RANDI,ITA,7.40,10.41 (7.40),IFSC_World_Cup_Chamonix_2023,7 July - 9 July 2023,Women
17,ANNA,BROZEK,POL,7.45,,IFSC_World_Cup_Chamonix_2023,7 July - 9 July 2023,Women
18,YAFEI,ZHOU,CHN,7.503,,IFSC_World_Cup_Chamonix_2023,7 July - 9 July 2023,Women
19,YUJU,MOU,CHN,7.504,,IFSC_World_Cup_Chamonix_2023,7 July - 9 July 2023,Women
20,BEATRICE,COLLI,ITA,7.62,,IFSC_World_Cup_Chamonix_2023,7 July - 9 July 2023,Women
21,MAHYA,DARABIAN,IRI,7.76,,IFSC_World_Cup_Chamonix_2023,7 July - 9 July 2023,Women
22,MI,YANG,CHN,7.77,,IFSC_World_Cup_Chamonix_2023,7 July - 9 July 2023,Women
23,AI,TAKEUCHI,JPN,7.78,,IFSC_World_Cup_Chamonix_2023,7 July - 9 July 2023,Women
24,PIPER,KELLY,USA,7.84,,IFSC_World_Cup_Chamonix_2023,7 July - 9 July 2023,Women
25,AURELIA,SARISSON,FRA,7.98,,IFSC_World_Cup_Chamonix_2023,7 July - 9 July 2023,Women
26,FUMIKA,KAWAKAMI,JPN,8.000,,IFSC_World_Cup_Chamonix_2023,7 July - 9 July 2023,Women
27,MANON,LEBON,FRA,8.007,,IFSC_World_Cup_Chamonix_2023,7 July - 9 July 2023,Women
28,SOPHIA,CURCIO,USA,8.02,,IFSC_World_Cup_Chamonix_2023,7 July - 9 July 2023,Women
29,AGNESE,FIORIO,ITA,8.23,,IFSC_World_Cup_Chamonix_2023,7 July - 9 July 2023,Women
30,TAMARA,ULZHABAYEVA,KAZ,8.29,,IFSC_World_Cup_Chamonix_2023,7 July - 9 July 2023,Women
31,ASSEL,MARLENOVA,KAZ,8.32,,IFSC_World_Cup_Chamonix_2023,7 July - 9 July 2023,Women
32,SOFIA,BELLESINI,ITA,8.34,,IFSC_World_Cup_Chamonix_2023,7 July - 9 July 2023,Women
33,HANAREUM,SUNG,KOR,8.52,,IFSC_World_Cup_Chamonix_2023,7 July - 9 July 2023,Women
34,NATSUMI,HAYASHI,JPN,8.54,,IFSC_World_Cup_Chamonix_2023,7 July - 9 July 2023,Women
35,ISIS,ROTHFORK,USA,8.71,,IFSC_World_Cup_Chamonix_2023,7 July - 9 July 2023,Women
36,CALLIE,CLOSE,USA,8.86,,IFSC_World_Cup_Chamonix_2023,7 July - 9 July 2023,Women
37,KARIN,HAYASHI,JPN,8.89,,IFSC_World_Cup_Chamonix_2023,7 July - 9 July 2023,Women
38,NAWOO,CHOI,KOR,8.96,,IFSC_World_Cup_Chamonix_2023,7 July - 9 July 2023,Women
39,GRACE,CROWLEY,AUS,9.03,,IFSC_World_Cup_Chamonix_2023,7 July - 9 July 2023,Women
40,VALERIA,MACIAS FERREIRA,MEX,9.14,,IFSC_World_Cup_Chamonix_2023,7 July - 9 July 2023,Women
41,CARLA,MARTÍNEZ VIDAL,ESP,9.28,,IFSC_World_Cup_Chamonix_2023,7 July - 9 July 2023,Women
42,ANAHÍ,RIVEROS,CHI,9.45,,IFSC_World_Cup_Chamonix_2023,7 July - 9 July 2023,Women
43,ERICA,VELEV,CAN,9.63,,IFSC_World_Cup_Chamonix_2023,7 July - 9 July 2023,Women
44,ANNA,BALARSHINA,KAZ,9.67,,IFSC_World_Cup_Chamonix_2023,7 July - 9 July 2023,Women
45,ABIGAIL,RUANO,ECU,10.05,,IFSC_World_Cup_Chamonix_2023,7 July - 9 July 2023,Women
46,SHIVPREET,PANNU,IND,10.13,,IFSC_World_Cup_Chamonix_2023,7 July - 9 July 2023,Women
47,CARMEN,CONTRERAS,CHI,10.19,,IFSC_World_Cup_Chamonix_2023,7 July - 9 July 2023,Women
48,ABBY,GEBERT,NZL,10.37,,IFSC_World_Cup_Chamonix_2023,7 July - 9 July 2023,Women
49,SARAH,TETZLAFF,NZL,10.85,,IFSC_World_Cup_Chamonix_2023,7 July - 9 July 2023,Women
50,ANDREA,ROJAS,ECU,11.35,,IFSC_World_Cup_Chamonix_2023,7 July - 9 July 2023,Women
51,MARÍA FERNANDA,HIDALGO AMEZQUITA,MEX,14.38,,IFSC_World_Cup_Chamonix_2023,7 July - 9 July 2023,Women
52,TEGWEN,OATES,RSA,14.76,,IFSC_World_Cup_Chamonix_2023,7 July - 9 July 2023,Women
1,MATTEO,ZURLONI,ITA,5.24,5.56,IFSC_World_Championships_Bern_2023,1 August - 12 August 2023,Men
2,JINBAO,LONG,CHN,5.19,false start,IFSC_World_Championships_Bern_2023,1 August - 12 August 2023,Men
3,RAHMAD,ADI MULYONO,INA,5.11,5.05,IFSC_World_Championships_Bern_2023,1 August - 12 August 2023,Men
4,RISHAT,KHAIBULLIN,KAZ,5.28,7.34,IFSC_World_Championships_Bern_2023,1 August - 12 August 2023,Men
5,KIROMAL,KATIBIN,INA,5.273,5.05,IFSC_World_Championships_Bern_2023,1 August - 12 August 2023,Men
6,PENG,WU,CHN,5.15,5.12,IFSC_World_Championships_Bern_2023,1 August - 12 August 2023,Men
7,LIANG,ZHANG,CHN,5.17,5.28 (5.17),IFSC_World_Championships_Bern_2023,1 August - 12 August 2023,Men
8,ERIK,NOYA CARDONA,ESP,5.39 (7.870),6.87 (5.39),IFSC_World_Championships_Bern_2023,1 August - 12 August 2023,Men
9,VEDDRIQ,LEONARDO,INA,5.10,6.35 (5.10),IFSC_World_Championships_Bern_2023,1 August - 12 August 2023,Men
10,XINSHANG,WANG,CHN,5.30,5.15,IFSC_World_Championships_Bern_2023,1 August - 12 August 2023,Men
11,YAROSLAV,TKACH,UKR,5.39 (6.349),5.25,IFSC_World_Championships_Bern_2023,1 August - 12 August 2023,Men
12,JUN,YASUKAWA,JPN,5.276,fall (5.27),IFSC_World_Championships_Bern_2023,1 August - 12 August 2023,Men
13,BASSA,MAWEM,FRA,5.355,7.28 (5.35),IFSC_World_Championships_Bern_2023,1 August - 12 August 2023,Men
14,ASPAR,ASPAR,INA,5.358,8.20 (5.35),IFSC_World_Championships_Bern_2023,1 August - 12 August 2023,Men
15,PIERRE,REBREYEND,FRA,5.37,5.49 (5.37),IFSC_World_Championships_Bern_2023,1 August - 12 August 2023,Men
16,ZACH,HAMMER,USA,5.38,6.69 (5.38),IFSC_World_Championships_Bern_2023,1 August - 12 August 2023,Men
17,GUILLAUME,MORO,FRA,5.42,,IFSC_World_Championships_Bern_2023,1 August - 12 August 2023,Men
18,ZAINAL,ARIPIN,INA,5.442,,IFSC_World_Championships_Bern_2023,1 August - 12 August 2023,Men
19,JOHN,BROSLER,USA,5.446,,IFSC_World_Championships_Bern_2023,1 August - 12 August 2023,Men
20,REZA,ALIPOUR SHENAZANDIFARD,IRI,5.45,,IFSC_World_Championships_Bern_2023,1 August - 12 August 2023,Men
21,CARLOS,GRANJA,ECU,5.46,,IFSC_World_Championships_Bern_2023,1 August - 12 August 2023,Men
22,LEANDER,CARMANNS,GER,5.51 (5.535),,IFSC_World_Championships_Bern_2023,1 August - 12 August 2023,Men
23,APHIWIT,LIMPANICHPAKDEE,THA,5.510 (13.122),,IFSC_World_Championships_Bern_2023,1 August - 12 August 2023,Men
24,MARCIN,DZIENSKI,POL,5.513,,IFSC_World_Championships_Bern_2023,1 August - 12 August 2023,Men
25,HRYHORII,ILCHYSHYN,UKR,5.52,,IFSC_World_Championships_Bern_2023,1 August - 12 August 2023,Men
26,GIAN LUCA,ZODDA,ITA,5.53,,IFSC_World_Championships_Bern_2023,1 August - 12 August 2023,Men
27,AMIR,MAIMURATOV,KAZ,5.543,,IFSC_World_Championships_Bern_2023,1 August - 12 August 2023,Men
28,RYO,OMASA,JPN,5.548 (6.633),,IFSC_World_Championships_Bern_2023,1 August - 12 August 2023,Men
29,ALESSANDRO,BOULOS,ITA,5.548 (fall),,IFSC_World_Championships_Bern_2023,1 August - 12 August 2023,Men
30,KEVIN,AMON,AUT,5.55,,IFSC_World_Championships_Bern_2023,1 August - 12 August 2023,Men
31,SEBASTIAN,LUCKE,GER,5.62,,IFSC_World_Championships_Bern_2023,1 August - 12 August 2023,Men
32,MERRITT,ERNSBERGER,USA,5.65,,IFSC_World_Championships_Bern_2023,1 August - 12 August 2023,Men
33,NOAH,BRATSCHI,USA,5.662,,IFSC_World_Championships_Bern_2023,1 August - 12 August 2023,Men
34,LUCA,ROBBIATI,ITA,5.667,,IFSC_World_Championships_Bern_2023,1 August - 12 August 2023,Men
35,RAFE,STOKES,GBR,5.67,,IFSC_World_Championships_Bern_2023,1 August - 12 August 2023,Men
36,YONGJUN,JUNG,KOR,5.73,,IFSC_World_Championships_Bern_2023,1 August - 12 August 2023,Men
37,LUKAS,KNAPP,AUT,5.76,,IFSC_World_Championships_Bern_2023,1 August - 12 August 2023,Men
38,MICHAEL,FINN-HENRY,CAN,5.78,,IFSC_World_Championships_Bern_2023,1 August - 12 August 2023,Men
39,SHO,TAKENAKA,JPN,5.79,,IFSC_World_Championships_Bern_2023,1 August - 12 August 2023,Men
40,EUNCHEOL,SHIN,KOR,5.80,,IFSC_World_Championships_Bern_2023,1 August - 12 August 2023,Men
41,MOTONORI,TABUCHI,JPN,5.816,,IFSC_World_Championships_Bern_2023,1 August - 12 August 2023,Men
42,SHUTO,FUJINO,JPN,5.817,,IFSC_World_Championships_Bern_2023,1 August - 12 August 2023,Men
43,DANYIL,BOLDYREV,UKR,5.87,,IFSC_World_Championships_Bern_2023,1 August - 12 August 2023,Men
44,BEKNUR,ALTYNBEKOV,KAZ,5.89,,IFSC_World_Championships_Bern_2023,1 August - 12 August 2023,Men
45,JAN,KRIZ,CZE,5.907,,IFSC_World_Championships_Bern_2023,1 August - 12 August 2023,Men
46,GUSTAVO JOSE,PEREZ,VEN,5.908,,IFSC_World_Championships_Bern_2023,1 August - 12 August 2023,Men
47,GABRIEL,CANCEL,ECU,5.91,,IFSC_World_Championships_Bern_2023,1 August - 12 August 2023,Men
48,DENYS,MOZOLEVYCH,UKR,5.92,,IFSC_World_Championships_Bern_2023,1 August - 12 August 2023,Men
49,ALISHER,MURAT,KAZ,5.93,,IFSC_World_Championships_Bern_2023,1 August - 12 August 2023,Men
50,JOSHUA,BRUYNS,RSA,5.95 (afr),,IFSC_World_Championships_Bern_2023,1 August - 12 August 2023,Men
51,MEHDI,ALIPOUR SHENAZANDIFARD,IRI,5.96,,IFSC_World_Championships_Bern_2023,1 August - 12 August 2023,Men
52,SIRAPOB,JIRAJATURAPAK,THA,6.03,,IFSC_World_Championships_Bern_2023,1 August - 12 August 2023,Men
53,DYLAN,LE,CAN,6.07,,IFSC_World_Championships_Bern_2023,1 August - 12 August 2023,Men
54,PAOLO,RIVADENEIRA,ECU,6.16,,IFSC_World_Championships_Bern_2023,1 August - 12 August 2023,Men
55,HUBERT,PRZYTULA,POL,6.18,,IFSC_World_Championships_Bern_2023,1 August - 12 August 2023,Men
56,VALERIY,SERDYUK,KAZ,6.21,,IFSC_World_Championships_Bern_2023,1 August - 12 August 2023,Men
57,HAYDEN,BARTON,AUS,6.22,,IFSC_World_Championships_Bern_2023,1 August - 12 August 2023,Men
58,TOMAS,CHICAIZA DAVILA,ECU,6.26,,IFSC_World_Championships_Bern_2023,1 August - 12 August 2023,Men
59,JOSE TOMAS,LEDESMA,CHI,6.28,,IFSC_World_Championships_Bern_2023,1 August - 12 August 2023,Men
60,CHIA HSIANG,LIN,TPE,6.34,,IFSC_World_Championships_Bern_2023,1 August - 12 August 2023,Men
61,SANGMIN,KIM,KOR,6.35,,IFSC_World_Championships_Bern_2023,1 August - 12 August 2023,Men
62,JULIAN,DAVID,NZL,6.38,,IFSC_World_Championships_Bern_2023,1 August - 12 August 2023,Men
63,LINUS,BADER,GER,6.45,,IFSC_World_Championships_Bern_2023,1 August - 12 August 2023,Men
64,PETR,BURIAN,CZE,6.83,,IFSC_World_Championships_Bern_2023,1 August - 12 August 2023,Men
65,VALENTIN,STERNIK,ARG,6.97,,IFSC_World_Championships_Bern_2023,1 August - 12 August 2023,Men
66,LUDOVICO,FOSSALI,ITA,7.10,,IFSC_World_Championships_Bern_2023,1 August - 12 August 2023,Men
67,MATTHEW,FALL,GBR,7.33,,IFSC_World_Championships_Bern_2023,1 August - 12 August 2023,Men
68,TOBIAS,PLANGGER,AUT,7.36,,IFSC_World_Championships_Bern_2023,1 August - 12 August 2023,Men
69,FLYNN,CHISHOLM,NZL,7.43,,IFSC_World_Championships_Bern_2023,1 August - 12 August 2023,Men
70,KOSTIANTYN,PAVLENKO,UKR,8.20,,IFSC_World_Championships_Bern_2023,1 August - 12 August 2023,Men
71,SAMUEL,WATSON,USA,8.90,,IFSC_World_Championships_Bern_2023,1 August - 12 August 2023,Men
72,AARON,MATTES,AUS,8.91,,IFSC_World_Championships_Bern_2023,1 August - 12 August 2023,Men
73,JOAQUIN,TAPIA,CHI,9.17,,IFSC_World_Championships_Bern_2023,1 August - 12 August 2023,Men
74,EMILIO,FLORES,GUA,12.13,,IFSC_World_Championships_Bern_2023,1 August - 12 August 2023,Men
75,ISAAC,ESTEVEZ,ECU,false start,,IFSC_World_Championships_Bern_2023,1 August - 12 August 2023,Men
75,JIANGUO,LONG,CHN,false start,,IFSC_World_Championships_Bern_2023,1 August - 12 August 2023,Men
75,ETHAN,PITCHER,CAN,false start,,IFSC_World_Championships_Bern_2023,1 August - 12 August 2023,Men
,MARIUS,PAYET GABORIAUD,FRA,dns,,IFSC_World_Championships_Bern_2023,1 August - 12 August 2023,Men
1,DESAK,MADE RITA KUSUMA DEWI,INA,6.75,6.49,IFSC_World_Championships_Bern_2023,1 August - 12 August 2023,Women
2,EMMA,HUNT,USA,6.85,6.67 (par),IFSC_World_Championships_Bern_2023,1 August - 12 August 2023,Women
3,ALEKSANDRA,MIROSLAW,POL,6.40,6.55,IFSC_World_Championships_Bern_2023,1 August - 12 August 2023,Women
4,ALEKSANDRA,KALUCKA,POL,6.78,8.07,IFSC_World_Championships_Bern_2023,1 August - 12 August 2023,Women
5,RAJIAH,SALLSABILLAH,INA,7.01,7.72 (6.86),IFSC_World_Championships_Bern_2023,1 August - 12 August 2023,Women
6,PATRYCJA,CHUDZIAK,POL,7.04,7.14 (7.04),IFSC_World_Championships_Bern_2023,1 August - 12 August 2023,Women
7,LESLIE ADRIANA,ROMERO PÉREZ,ESP,7.22,7.18,IFSC_World_Championships_Bern_2023,1 August - 12 August 2023,Women
8,YAFEI,ZHOU,CHN,7.40,7.22,IFSC_World_Championships_Bern_2023,1 August - 12 August 2023,Women
9,NATALIA,KALUCKA,POL,6.98,fall (6.98),IFSC_World_Championships_Bern_2023,1 August - 12 August 2023,Women
10,LIJUAN,DENG,CHN,7.13,7.50 (7.13),IFSC_World_Championships_Bern_2023,1 August - 12 August 2023,Women
11,JIMIN,JEONG,KOR,7.30,7.15,IFSC_World_Championships_Bern_2023,1 August - 12 August 2023,Women
12,DI,NIU,CHN,7.48,7.21,IFSC_World_Championships_Bern_2023,1 August - 12 August 2023,Women
13,CAPUCINE,VIGLIONE,FRA,7.27,8.61 (7.27),IFSC_World_Championships_Bern_2023,1 August - 12 August 2023,Women
14,SHENGYAN,WANG,CHN,7.42,7.78 (7.42),IFSC_World_Championships_Bern_2023,1 August - 12 August 2023,Women
15,GIULIA,RANDI,ITA,7.47,7.43,IFSC_World_Championships_Bern_2023,1 August - 12 August 2023,Women
16,NURUL,IQAMAH,INA,7.46,10.03 (7.46),IFSC_World_Championships_Bern_2023,1 August - 12 August 2023,Women
17,BEATRICE,COLLI,ITA,7.51,,IFSC_World_Championships_Bern_2023,1 August - 12 August 2023,Women
18,SHAOQIN,ZHANG,CHN,7.607,,IFSC_World_Championships_Bern_2023,1 August - 12 August 2023,Women
19,ANDREA,ROJAS,ECU,7.609,,IFSC_World_Championships_Bern_2023,1 August - 12 August 2023,Women
20,VICTOIRE,ANDRIER,FRA,7.61,,IFSC_World_Championships_Bern_2023,1 August - 12 August 2023,Women
21,CARLA,MARTÍNEZ VIDAL,ESP,7.63,,IFSC_World_Championships_Bern_2023,1 August - 12 August 2023,Women
22,FRANZISKA,RITTER,GER,7.69,,IFSC_World_Championships_Bern_2023,1 August - 12 August 2023,Women
23,ANNA,BROZEK,POL,7.77,,IFSC_World_Championships_Bern_2023,1 August - 12 August 2023,Women
24,TAMARA,ULZHABAYEVA,KAZ,7.80,,IFSC_World_Championships_Bern_2023,1 August - 12 August 2023,Women
25,SOPHIA,CURCIO,USA,7.95,,IFSC_World_Championships_Bern_2023,1 August - 12 August 2023,Women
26,PIPER,KELLY,USA,7.99,,IFSC_World_Championships_Bern_2023,1 August - 12 August 2023,Women
27,LISON,GAUTRON,FRA,8.04,,IFSC_World_Championships_Bern_2023,1 August - 12 August 2023,Women
28,AI,TAKEUCHI,JPN,8.09,,IFSC_World_Championships_Bern_2023,1 August - 12 August 2023,Women
29,OKSANA,BUROVA,UKR,8.34,,IFSC_World_Championships_Bern_2023,1 August - 12 August 2023,Women
30,FUMIKA,KAWAKAMI,JPN,8.39,,IFSC_World_Championships_Bern_2023,1 August - 12 August 2023,Women
31,MAHYA,DARABIAN,IRI,8.415,,IFSC_World_Championships_Bern_2023,1 August - 12 August 2023,Women
32,KARIN,HAYASHI,JPN,8.419,,IFSC_World_Championships_Bern_2023,1 August - 12 August 2023,Women
33,AURELIA,SARISSON,FRA,8.43,,IFSC_World_Championships_Bern_2023,1 August - 12 August 2023,Women
34,NATSUMI,HAYASHI,JPN,8.46,,IFSC_World_Championships_Bern_2023,1 August - 12 August 2023,Women
35,VALERIA,MACIAS FERREIRA,MEX,8.52,,IFSC_World_Championships_Bern_2023,1 August - 12 August 2023,Women
36,KSENIIA,HORIELOVA,UKR,8.63,,IFSC_World_Championships_Bern_2023,1 August - 12 August 2023,Women
37,ALINA,SHCHYHARIEVA,UKR,8.68,,IFSC_World_Championships_Bern_2023,1 August - 12 August 2023,Women
38,CALLIE,CLOSE,USA,8.71,,IFSC_World_Championships_Bern_2023,1 August - 12 August 2023,Women
39,HARUKA,KANETANI,JPN,8.76,,IFSC_World_Championships_Bern_2023,1 August - 12 August 2023,Women
40,LIBERTY,RUNNELS,USA,8.79,,IFSC_World_Championships_Bern_2023,1 August - 12 August 2023,Women
41,ERICA,VELEV,CAN,8.89,,IFSC_World_Championships_Bern_2023,1 August - 12 August 2023,Women
42,PRATTHANA,RAKSACHAT,THA,8.95,,IFSC_World_Championships_Bern_2023,1 August - 12 August 2023,Women
43,HANAREUM,SUNG,KOR,8.96,,IFSC_World_Championships_Bern_2023,1 August - 12 August 2023,Women
44,SARAH,TETZLAFF,NZL,8.98,,IFSC_World_Championships_Bern_2023,1 August - 12 August 2023,Women
45,MANON,LEBON,FRA,9.33,,IFSC_World_Championships_Bern_2023,1 August - 12 August 2023,Women
46,DASOM,YUN,KOR,9.45,,IFSC_World_Championships_Bern_2023,1 August - 12 August 2023,Women
47,ABBY,GEBERT,NZL,9.46,,IFSC_World_Championships_Bern_2023,1 August - 12 August 2023,Women
48,ASSEL,MARLENOVA,KAZ,9.51,,IFSC_World_Championships_Bern_2023,1 August - 12 August 2023,Women
49,NAWOO,CHOI,KOR,9.70,,IFSC_World_Championships_Bern_2023,1 August - 12 August 2023,Women
50,CARMEN,CONTRERAS,CHI,9.76,,IFSC_World_Championships_Bern_2023,1 August - 12 August 2023,Women
51,ARANTZA,FERNÁNDEZ GUTIERREZ,MEX,9.86,,IFSC_World_Championships_Bern_2023,1 August - 12 August 2023,Women
52,ANNA,BALARSHINA,KAZ,9.93,,IFSC_World_Championships_Bern_2023,1 August - 12 August 2023,Women
53,ARINA,KOZLOVA,KAZ,10.21,,IFSC_World_Championships_Bern_2023,1 August - 12 August 2023,Women
54,JORJA,RANGI,NZL,10.71,,IFSC_World_Championships_Bern_2023,1 August - 12 August 2023,Women
55,ABIGAIL,RUANO,ECU,11.02,,IFSC_World_Championships_Bern_2023,1 August - 12 August 2023,Women
56,NICOLE,MEJIA,ECU,11.45,,IFSC_World_Championships_Bern_2023,1 August - 12 August 2023,Women
57,MARÍA FERNANDA,HIDALGO AMEZQUITA,MEX,12.50,,IFSC_World_Championships_Bern_2023,1 August - 12 August 2023,Women
58,GRACE,CROWLEY,AUS,15.87,,IFSC_World_Championships_Bern_2023,1 August - 12 August 2023,Women
1,PENG,WU,CHN,5.11,5.05,IFSC_World_Cup_Wujiang_2023,22 September - 24 September 2023,Men
2,JINGJIE,HUANG,CHN,5.17,5.10,IFSC_World_Cup_Wujiang_2023,22 September - 24 September 2023,Men
3,RYO,OMASA,JPN,5.24,5.11,IFSC_World_Cup_Wujiang_2023,22 September - 24 September 2023,Men
4,EUNCHEOL,SHIN,KOR,5.258,5.16,IFSC_World_Cup_Wujiang_2023,22 September - 24 September 2023,Men
5,LIANG,ZHANG,CHN,5.02,6.09 (5.02),IFSC_World_Cup_Wujiang_2023,22 September - 24 September 2023,Men
6,YU,LIN,CHN,5.07,7.66 (5.07),IFSC_World_Cup_Wujiang_2023,22 September - 24 September 2023,Men
7,SAMUEL,WATSON,USA,5.23,fall (5.12),IFSC_World_Cup_Wujiang_2023,22 September - 24 September 2023,Men
8,LUDOVICO,FOSSALI,ITA,5.22,5.26 (5.22),IFSC_World_Cup_Wujiang_2023,22 September - 24 September 2023,Men
9,XINSHANG,WANG,CHN,5.256,5.26 (5.25),IFSC_World_Cup_Wujiang_2023,22 September - 24 September 2023,Men
10,AMIR,MAIMURATOV,KAZ,5.27,fall (5.27),IFSC_World_Cup_Wujiang_2023,22 September - 24 September 2023,Men
11,ZACH,HAMMER,USA,5.28,fall (5.28),IFSC_World_Cup_Wujiang_2023,22 September - 24 September 2023,Men
12,ASPAR,ASPAR,INA,5.30,fall (5.30),IFSC_World_Cup_Wujiang_2023,22 September - 24 September 2023,Men
13,YINGYI,WU,CHN,5.31 (5.888),5.32 (5.31),IFSC_World_Cup_Wujiang_2023,22 September - 24 September 2023,Men
14,MINHUI,WANG,CHN,5.31 (5.350),5.59 (5.31),IFSC_World_Cup_Wujiang_2023,22 September - 24 September 2023,Men
15,YONGJUN,JUNG,KOR,5.351,5.36 (5.35),IFSC_World_Cup_Wujiang_2023,22 September - 24 September 2023,Men
16,ZAINAL,ARIPIN,INA,5.355,false start (5.35),IFSC_World_Cup_Wujiang_2023,22 September - 24 September 2023,Men
17,ALESSANDRO,BOULOS,ITA,5.36,,IFSC_World_Cup_Wujiang_2023,22 September - 24 September 2023,Men
18,YAROSLAV,TKACH,UKR,5.37,,IFSC_World_Cup_Wujiang_2023,22 September - 24 September 2023,Men
19,DINGFENG,ZHANG,CHN,5.40,,IFSC_World_Cup_Wujiang_2023,22 September - 24 September 2023,Men
20,LONG,CAO,CHN,5.453,,IFSC_World_Cup_Wujiang_2023,22 September - 24 September 2023,Men
21,ISAAC,ESTEVEZ,ECU,5.454,,IFSC_World_Cup_Wujiang_2023,22 September - 24 September 2023,Men
22,MARCIN,DZIENSKI,POL,5.456,,IFSC_World_Cup_Wujiang_2023,22 September - 24 September 2023,Men
23,JUN,YASUKAWA,JPN,5.471,,IFSC_World_Cup_Wujiang_2023,22 September - 24 September 2023,Men
24,SEBASTIAN,LUCKE,GER,5.476,,IFSC_World_Cup_Wujiang_2023,22 September - 24 September 2023,Men
25,GIAN LUCA,ZODDA,ITA,5.51,,IFSC_World_Cup_Wujiang_2023,22 September - 24 September 2023,Men
26,ALFIAN,MUHAMMAD FAJRI,INA,5.520,,IFSC_World_Cup_Wujiang_2023,22 September - 24 September 2023,Men
27,LUKAS,KNAPP,AUT,5.521,,IFSC_World_Cup_Wujiang_2023,22 September - 24 September 2023,Men
28,GUILLAUME,MORO,FRA,5.522,,IFSC_World_Cup_Wujiang_2023,22 September - 24 September 2023,Men
29,KOSTIANTYN,PAVLENKO,UKR,5.553,,IFSC_World_Cup_Wujiang_2023,22 September - 24 September 2023,Men
30,RAFE,STOKES,GBR,5.557,,IFSC_World_Cup_Wujiang_2023,22 September - 24 September 2023,Men
31,YUDAI,IKEDA,JPN,5.64,,IFSC_World_Cup_Wujiang_2023,22 September - 24 September 2023,Men
32,RICHARD,LI,USA,5.72,,IFSC_World_Cup_Wujiang_2023,22 September - 24 September 2023,Men
33,CHEUK-NAM,WONG,HKG,5.74,,IFSC_World_Cup_Wujiang_2023,22 September - 24 September 2023,Men
34,LINUS,BADER,GER,5.76,,IFSC_World_Cup_Wujiang_2023,22 September - 24 September 2023,Men
35,YOUNGHYUN,KIM,KOR,5.84,,IFSC_World_Cup_Wujiang_2023,22 September - 24 September 2023,Men
36,DONG JUN,KIM,KOR,5.89,,IFSC_World_Cup_Wujiang_2023,22 September - 24 September 2023,Men
37,KEVIN,AMON,AUT,5.92,,IFSC_World_Cup_Wujiang_2023,22 September - 24 September 2023,Men
38,SHO,TAKENAKA,JPN,5.97,,IFSC_World_Cup_Wujiang_2023,22 September - 24 September 2023,Men
39,MICHAEL,FINN-HENRY,CAN,6.11,,IFSC_World_Cup_Wujiang_2023,22 September - 24 September 2023,Men
40,JIANGUO,LONG,CHN,6.12,,IFSC_World_Cup_Wujiang_2023,22 September - 24 September 2023,Men
41,CHEUNG-CHI SHOJI,CHAN,HKG,6.19,,IFSC_World_Cup_Wujiang_2023,22 September - 24 September 2023,Men
42,NOAH,BRATSCHI,USA,6.43,,IFSC_World_Cup_Wujiang_2023,22 September - 24 September 2023,Men
43,MINSU,KANG,KOR,6.57,,IFSC_World_Cup_Wujiang_2023,22 September - 24 September 2023,Men
44,SHUTO,FUJINO,JPN,6.80,,IFSC_World_Cup_Wujiang_2023,22 September - 24 September 2023,Men
45,GANESH,BHUJEL,IND,7.08,,IFSC_World_Cup_Wujiang_2023,22 September - 24 September 2023,Men
46,ERIK,NOYA CARDONA,ESP,7.17,,IFSC_World_Cup_Wujiang_2023,22 September - 24 September 2023,Men
47,DHIRAJ DINKAR,BIRAJDAR,IND,7.36,,IFSC_World_Cup_Wujiang_2023,22 September - 24 September 2023,Men
48,ZAHEER,AHMAD,PAK,8.22,,IFSC_World_Cup_Wujiang_2023,22 September - 24 September 2023,Men
49,TOBIAS,PLANGGER,AUT,9.17,,IFSC_World_Cup_Wujiang_2023,22 September - 24 September 2023,Men
50,MIR ABUZAR,FAIZ,PAK,9.24,,IFSC_World_Cup_Wujiang_2023,22 September - 24 September 2023,Men
1,LIJUAN,DENG,CHN,6.68,6.58,IFSC_World_Cup_Wujiang_2023,22 September - 24 September 2023,Women
2,NATALIA,KALUCKA,POL,6.96,6.69,IFSC_World_Cup_Wujiang_2023,22 September - 24 September 2023,Women
3,DI,NIU,CHN,7.04,6.89,IFSC_World_Cup_Wujiang_2023,22 September - 24 September 2023,Women
4,ALEKSANDRA,KALUCKA,POL,6.61,7.85,IFSC_World_Cup_Wujiang_2023,22 September - 24 September 2023,Women
5,ALEKSANDRA,MIROSLAW,POL,6.30,fall (6.30),IFSC_World_Cup_Wujiang_2023,22 September - 24 September 2023,Women
6,YAFEI,ZHOU,CHN,6.95,6.98 (6.95),IFSC_World_Cup_Wujiang_2023,22 September - 24 September 2023,Women
7,SHAOQIN,ZHANG,CHN,7.14,6.98,IFSC_World_Cup_Wujiang_2023,22 September - 24 September 2023,Women
8,SHENGYAN,WANG,CHN,7.00,7.91 (7.00),IFSC_World_Cup_Wujiang_2023,22 September - 24 September 2023,Women
9,LESLIE ADRIANA,ROMERO PÉREZ,ESP,6.98,7.22 (6.98),IFSC_World_Cup_Wujiang_2023,22 September - 24 September 2023,Women
10,CAPUCINE,VIGLIONE,FRA,7.102,7.05,IFSC_World_Cup_Wujiang_2023,22 September - 24 September 2023,Women
11,MI,YANG,CHN,7.104,10.27 (7.10),IFSC_World_Cup_Wujiang_2023,22 September - 24 September 2023,Women
12,YUFANG,XIE,CHN,7.24,7.32 (7.24),IFSC_World_Cup_Wujiang_2023,22 September - 24 September 2023,Women
13,PATRYCJA,CHUDZIAK,POL,7.30,fall (7.30),IFSC_World_Cup_Wujiang_2023,22 September - 24 September 2023,Women
14,GUIZHEN,XIE,CHN,7.32,7.31,IFSC_World_Cup_Wujiang_2023,22 September - 24 September 2023,Women
15,MANON,LEBON,FRA,7.41,7.55 (7.41),IFSC_World_Cup_Wujiang_2023,22 September - 24 September 2023,Women
16,GIULIA,RANDI,ITA,7.47,7.61 (7.47),IFSC_World_Cup_Wujiang_2023,22 September - 24 September 2023,Women
17,ANNA,BROZEK,POL,7.53,,IFSC_World_Cup_Wujiang_2023,22 September - 24 September 2023,Women
18,BEATRICE,COLLI,ITA,7.54,,IFSC_World_Cup_Wujiang_2023,22 September - 24 September 2023,Women
19,TAMARA,ULZHABAYEVA,KAZ,7.68,,IFSC_World_Cup_Wujiang_2023,22 September - 24 September 2023,Women
20,YUJU,MOU,CHN,7.72,,IFSC_World_Cup_Wujiang_2023,22 September - 24 September 2023,Women
21,HANAREUM,SUNG,KOR,7.86,,IFSC_World_Cup_Wujiang_2023,22 September - 24 September 2023,Women
22,AI,TAKEUCHI,JPN,8.08,,IFSC_World_Cup_Wujiang_2023,22 September - 24 September 2023,Women
23,FUMIKA,KAWAKAMI,JPN,8.26,,IFSC_World_Cup_Wujiang_2023,22 September - 24 September 2023,Women
24,ISIS,ROTHFORK,USA,8.31,,IFSC_World_Cup_Wujiang_2023,22 September - 24 September 2023,Women
25,VICTOIRE,ANDRIER,FRA,8.43,,IFSC_World_Cup_Wujiang_2023,22 September - 24 September 2023,Women
26,KAITLYN,BONE,USA,8.56,,IFSC_World_Cup_Wujiang_2023,22 September - 24 September 2023,Women
27,NATSUMI,HAYASHI,JPN,8.70,,IFSC_World_Cup_Wujiang_2023,22 September - 24 September 2023,Women
28,SEOYEON,PARK,KOR,8.89,,IFSC_World_Cup_Wujiang_2023,22 September - 24 September 2023,Women
29,DASOM,YUN,KOR,9.25,,IFSC_World_Cup_Wujiang_2023,22 September - 24 September 2023,Women
30,VALERIA,MACIAS FERREIRA,MEX,9.37,,IFSC_World_Cup_Wujiang_2023,22 September - 24 September 2023,Women
31,YENA,PI,KOR,9.73,,IFSC_World_Cup_Wujiang_2023,22 September - 24 September 2023,Women
32,KARIN,HAYASHI,JPN,9.88,,IFSC_World_Cup_Wujiang_2023,22 September - 24 September 2023,Women
33,SHIVPREET,PANNU,IND,10.17,,IFSC_World_Cup_Wujiang_2023,22 September - 24 September 2023,Women
34,ANISHA,VERMA,IND,10.20,,IFSC_World_Cup_Wujiang_2023,22 September - 24 September 2023,Women
35,AURELIA,SARISSON,FRA,10.49,,IFSC_World_Cup_Wujiang_2023,22 September - 24 September 2023,Women
